image_id,mean_iou,precision_05,recall_05,f1_05,precision_07,recall_07,f1_07,n_gt_cells,n_pred_cells
00071198d059ba7f5914a526d124d28e6d010c92466da21d4a04cd5413362552,0.5548786876720682,0.8888888888888888,0.5925925925925926,0.711111111111111,0.8888888888888888,0.5925925925925926,0.711111111111111,27,18
003cee89357d9fe13516167fd67b609a164651b21934585648c740d2c3d86dc1,0.4601142537809677,0.5454545454545454,0.5,0.5217391304347826,0.12121212121212122,0.1111111111111111,0.11594202898550725,36,33
00ae65c1c6631ae6f2be1a449902976e6eb8483bf6b0740d00530220832c6d3e,0.739624781628252,0.9242424242424242,0.8714285714285714,0.8970588235294117,0.8333333333333334,0.7857142857142857,0.8088235294117647,70,66
0121d6759c5adb290c8e828fc882f37dfaf3663ec885c663859948c154a443ed,0.36069741313141357,0.5084745762711864,0.3488372093023256,0.41379310344827586,0.22033898305084745,0.1511627906976744,0.1793103448275862,86,59
01d44a26f6680c42ba94c9bc6339228579a95d0e2695b149b7cc0c9592b21baf,0.6691073872183921,0.7777777777777778,1.0,0.8750000000000001,0.2222222222222222,0.2857142857142857,0.25,7,9
0280fa8f60f6bcae0f97d93c28f60be194f9309ff610dc5845e60455b0f87c21,0.4996729276601892,0.6923076923076923,0.5625,0.6206896551724138,0.23076923076923078,0.1875,0.20689655172413793,16,13
0287e7ee5b007c91ae2bd7628d09735e70496bc6127ecb7f3dd043e04ce37426,0.631375941694854,0.9387755102040817,0.7419354838709677,0.828828828828829,0.7755102040816326,0.6129032258064516,0.6846846846846848,62,49
02903040e19ddf92f452907644ad3822918f54af41dd85e5a3fe3e1b6d6f9339,0.8141649913541673,0.8076923076923077,0.9130434782608695,0.8571428571428572,0.7307692307692307,0.8260869565217391,0.7755102040816326,23,26
03398329ced0c23b9ac3fac84dd53a87d9ffe4d9d10f1b5fe8df8fac12380776,0.09794863597612959,1.0,0.125,0.2222222222222222,1.0,0.125,0.2222222222222222,16,2
03b9306f44e9b8951461623dcbd615550cdcf36ea93b203f2c8fa58ed1dffcbe,0.8787391299444063,1.0,0.9545454545454546,0.9767441860465117,1.0,0.9545454545454546,0.9767441860465117,22,21
03f583ec5018739f4abb9b3b4a580ac43bd933c4337ad8877aa18b1dfb59fc9a,0.8648951318861136,0.7368421052631579,0.8235294117647058,0.7777777777777778,0.7368421052631579,0.8235294117647058,0.7777777777777778,17,19
0402a81e75262469925ea893b6706183832e85324f7b1e08e634129f5d522cdd,0.4908189428822278,0.8536585365853658,0.56,0.676328502415459,0.6707317073170732,0.44,0.5314009661835749,125,82
04acab7636c4cf61d288a5962f15fa456b7bde31a021e5deedfbf51288e4001e,0.5471422106685983,0.7733333333333333,0.7073170731707317,0.7388535031847134,0.14666666666666667,0.13414634146341464,0.14012738853503184,82,75
05040e2e959c3f5632558fc9683fec88f0010026c555b499066346f67fdd0e13,0.3367027996705105,0.16666666666666666,0.16666666666666666,0.16666666666666666,0.041666666666666664,0.041666666666666664,0.041666666666666664,24,24
0532c64c2fd0c4d3188cc751cdfd566b1cfba3d269358717295bab1504c7c275,0.8268368569394742,0.9565217391304348,0.9166666666666666,0.9361702127659574,0.9130434782608695,0.875,0.8936170212765957,24,23
05a8f65ebd0b30d3b210f30b4d640c847c2e710d0d135e0aeeaccbe1988e3b6e,0.151295634725484,1.0,0.23076923076923078,0.375,0.5,0.11538461538461539,0.1875,26,6
06350c7cc618be442c15706db7a68e91f313758d224de4608f9b960106d4f9ca,0.6844504185280085,0.9411764705882353,0.8421052631578947,0.8888888888888888,0.6470588235294118,0.5789473684210527,0.6111111111111113,19,17
06c779330d6d3447be21df2b9f05d1088f5b3b50dc48724fc130b1fd2896a68c,0.7441959800447385,0.9615384615384616,0.8333333333333334,0.8928571428571429,0.9230769230769231,0.8,0.8571428571428571,30,26
072ff14c1d3245bf49ad6f1d4c71cdb18f1cb78a8e06fd2f53767e28f727cb81,0.4346985816049735,0.6666666666666666,0.5714285714285714,0.6153846153846153,0.0,0.0,0.0,7,6
07761fa39f60dc37022dbbe8d8694595fd5b77ceb2af2a2724768c8e524d6770,0.0,0.0,0.0,0.0,0.0,0.0,0.0,5,0
077f026f4ab0f0bcc0856644d99cbf639e443ec4f067d7b708bc6cecac609424,0.32628034580530313,0.25,0.3333333333333333,0.28571428571428575,0.0,0.0,0.0,6,8
07fb37aafa6626608af90c1e18f6a743f29b6b233d2e427dcd1102df6a916cf5,0.6978245147234916,0.9444444444444444,0.8690095846645367,0.9051580698835274,0.7881944444444444,0.7252396166134185,0.7554076539101497,313,288
08151b19806eebd58e5acec7e138dbfbb1761f41a1ab9620466584ecc7d5fada,0.7122984249281071,1.0,0.76,0.8636363636363636,1.0,0.76,0.8636363636363636,25,19
08275a5b1c2dfcd739e8c4888a5ee2d29f83eccfa75185404ced1dc0866ea992,0.2616128324024054,0.45901639344262296,0.2857142857142857,0.35220125786163525,0.3770491803278688,0.23469387755102042,0.2893081761006289,98,61
08ae2741df2f5ac815c0f272a8c532b5167ee853be9b939b9b8b7fa93560868a,0.5221118430111754,0.5714285714285714,0.5714285714285714,0.5714285714285714,0.2857142857142857,0.2857142857142857,0.2857142857142857,7,7
091944f1d2611c916b98c020bd066667e33f4639159b2a92407fe5a40788856d,0.29605155345492773,0.4375,0.3181818181818182,0.3684210526315789,0.4375,0.3181818181818182,0.3684210526315789,44,32
094afe36759e7daffe12188ab5987581d405b06720f1d5acf3f2614f404df380,0.18174797478884203,0.8888888888888888,0.24615384615384617,0.3855421686746988,0.16666666666666666,0.046153846153846156,0.07228915662650603,65,18
0a7d30b252359a10fd298b638b90cb9ada3acced4e0c0e5a3692013f432ee4e9,0.7678438114495476,0.9615384615384616,0.9259259259259259,0.9433962264150944,0.8846153846153846,0.8518518518518519,0.8679245283018868,27,26
0acd2c223d300ea55d0546797713851e818e5c697d073b7f4091b96ce0f3d2fe,0.3464351080169986,0.2857142857142857,0.2222222222222222,0.25,0.2857142857142857,0.2222222222222222,0.25,9,7
0b0d577159f0d6c266f360f7b8dfde46e16fa665138bf577ec3c6f9c70c0cd1e,0.30628288973408113,0.6,0.42857142857142855,0.5,0.0,0.0,0.0,7,5
0b2e702f90aee4fff2bc6e4326308d50cf04701082e718d4f831c8959fbcda93,0.29761791552651756,0.0,0.0,0.0,0.0,0.0,0.0,5,5
0bda515e370294ed94efd36bd53782288acacb040c171df2ed97fd691fc9d8fe,0.30123690946032144,0.8695652173913043,0.37735849056603776,0.5263157894736843,0.43478260869565216,0.18867924528301888,0.26315789473684215,53,23
0bf33d3db4282d918ec3da7112d0bf0427d4eafe74b3ee0bb419770eefe8d7d6,0.6161878142408889,0.7777777777777778,0.7241379310344828,0.75,0.48148148148148145,0.4482758620689655,0.4642857142857143,29,27
0bf4b144167694b6846d584cf52c458f34f28fcae75328a2a096c8214e01c0d0,0.7720840250682429,0.9245283018867925,0.8596491228070176,0.8909090909090909,0.9056603773584906,0.8421052631578947,0.8727272727272727,57,53
0c2550a23b8a0f29a7575de8c61690d3c31bc897dd5ba66caec201d201a278c2,0.5723246779971296,0.8596491228070176,0.6712328767123288,0.7538461538461538,0.6842105263157895,0.5342465753424658,0.6000000000000001,73,57
0c6507d493bf79b2ba248c5cca3d14df8b67328b89efa5f4a32f97a06a88c92c,0.24872924624824685,0.08333333333333333,0.07142857142857142,0.07692307692307691,0.0,0.0,0.0,28,24
0d2bf916cc8de90d02f4cd4c23ea79b227dbc45d845b4124ffea380c92d34c8c,0.7058349777386166,0.75,0.7894736842105263,0.7692307692307692,0.6,0.631578947368421,0.6153846153846154,19,20
0d3640c1f1b80f24e94cc9a5f3e1d9e8db7bf6af7d4aba920265f46cadc25e37,0.4368804218324351,0.6875,0.5238095238095238,0.5945945945945946,0.4375,0.3333333333333333,0.37837837837837834,21,16
0ddd8deaf1696db68b00c600601c6a74a0502caaf274222c8367bdc31458ae7e,0.6169675969670732,0.8571428571428571,0.75,0.7999999999999999,0.5714285714285714,0.5,0.5333333333333333,32,28
0e21d7b3eea8cdbbed60d51d72f4f8c1974c5d76a8a3893a7d5835c85284132e,0.75905485386684,0.9629629629629629,0.896551724137931,0.9285714285714286,0.8518518518518519,0.7931034482758621,0.8214285714285715,29,27
0e4c2e2780de7ec4312f0efcd86b07c3738d21df30bb4643659962b4da5505a3,0.6051387718538433,0.9166666666666666,0.7096774193548387,0.7999999999999999,0.8333333333333334,0.6451612903225806,0.7272727272727272,62,48
0e5edb072788c7b1da8829b02a49ba25668b09f7201cf2b70b111fc3b853d14f,0.3673779838554029,0.24,0.21428571428571427,0.2264150943396226,0.2,0.17857142857142858,0.1886792452830189,28,25
0ea221716cf13710214dcd331a61cea48308c3940df1d28cfc7fd817c83714e1,0.683672299244626,0.9191616766467066,0.8319783197831978,0.8733997155049786,0.718562874251497,0.6504065040650406,0.6827880512091039,369,334
1023509cf8d4c155467800f89508690be9513431992f470594281cd37dbd020d,0.8954004029860462,0.92,1.0,0.9583333333333334,0.88,0.9565217391304348,0.9166666666666666,23,25
10328b822b836e67b547b4144e0b7eb43747c114ce4cacd8b540648892945b00,0.29516104686248534,0.2,0.17391304347826086,0.18604651162790697,0.05,0.043478260869565216,0.046511627906976744,23,20
10ba6cbee4873b32d5626a118a339832ba2b15d8643f66dddcd7cb2ec80fbc28,0.9185805699161028,1.0,0.9701492537313433,0.9848484848484849,1.0,0.9701492537313433,0.9848484848484849,67,65
11a0170f44e3ab4a8d669ae8ea9546d3a32ebfe6486d9066e5648d30b4e1cb69,0.36262832527751226,0.2727272727272727,0.25,0.2608695652173913,0.0,0.0,0.0,12,11
12aeefb1b522b283819b12e4cfaf6b13c1264c0aadac3412b4edd2ace304cb40,0.7201344000752523,0.7248322147651006,0.8709677419354839,0.7912087912087912,0.5503355704697986,0.6612903225806451,0.6007326007326007,124,149
12f89395ad5d21491ab9cec137e247652451d283064773507d7dc362243c5b8e,0.15932607441652744,0.8823529411764706,0.19230769230769232,0.31578947368421056,0.7058823529411765,0.15384615384615385,0.25263157894736843,78,17
136000dc18fa6def2d6c98d4d0b2084d13c22eaffe82e26c665bcaa2a9e51261,0.5386725674438696,0.9565217391304348,0.6470588235294118,0.7719298245614036,0.8260869565217391,0.5588235294117647,0.6666666666666667,34,23
139946af9e2c7ef4f0298e622b831dbef5e5c0cd088eb5bc3382f8df9355443d,0.5127966183350305,0.6,0.6,0.6,0.1,0.1,0.10000000000000002,10,10
13c8ff1f49886e91c98ce795c93648ad8634c782ff57eb928ce29496b0425057,0.5225942010567877,0.7692307692307693,0.5882352941176471,0.6666666666666667,0.5384615384615384,0.4117647058823529,0.4666666666666667,17,13
13f2bec0a24c70345372febb14c4352877b1b6c1b01896246048e83c345c0914,0.4094824044215632,0.4375,0.4117647058823529,0.42424242424242425,0.25,0.23529411764705882,0.24242424242424243,17,16
1400420310c9094361a8a243545187f1d4c2365e081b3bb08c5fa29c7491a55b,0.6135140478127323,0.7727272727272727,0.68,0.7234042553191491,0.6363636363636364,0.56,0.5957446808510639,25,22
14cc1424c59808274e123db51292e9dbb5b037ef3e7c767a8c45c9ac733b91bf,0.859055052797981,0.9090909090909091,0.9523809523809523,0.9302325581395349,0.8181818181818182,0.8571428571428571,0.8372093023255814,21,22
15039b3acccc4257a1a442646a89b6e596b5eb4531637e6d8fa1c43203722c99,0.4445160535146657,0.75,0.5454545454545454,0.631578947368421,0.3333333333333333,0.24242424242424243,0.2807017543859649,33,24
150b0ffa318c87b31d78af0e87d60390dbcd84b5f228a8c1fb3225cbe5df3e3f,0.7653216354133533,0.9789473684210527,0.9393939393939394,0.9587628865979383,0.868421052631579,0.8333333333333334,0.8505154639175259,198,190
1609b1b8480ee52652a644403b3f7d5511410a016750aa3b9a4c8ddb3e893e8e,0.8350605970418505,0.9444444444444444,0.8947368421052632,0.918918918918919,0.9444444444444444,0.8947368421052632,0.918918918918919,19,18
1631352dbafb8a90f11219fffd3bea368a30bc3bad3bbe0e84e19bd720df4945,0.6033242913840724,0.71875,0.71875,0.71875,0.46875,0.46875,0.46875,32,32
16c3d5935ba94b720becc24b7a05741c26149e221e3401924080f41e2f891368,0.45654546470163465,1.0,0.6363636363636364,0.7777777777777778,0.7142857142857143,0.45454545454545453,0.5555555555555556,11,7
1740b0a67ca337ea31648b57c81bcfbb841c7bb5cad185199a9f4da596d531b9,0.5472781873052939,0.875,0.7777777777777778,0.823529411764706,0.25,0.2222222222222222,0.23529411764705882,9,8
175dbb364bfefc9537931144861c9b6e08934df3992782c669c6fe4234319dfc,0.8858040752751983,0.9887005649717514,0.9776536312849162,0.9831460674157303,0.9717514124293786,0.9608938547486033,0.9662921348314607,179,177
1815cf307859b3e13669041d181aa3b3dbbac1a95aef4c42164b223110c09168,0.2393086468909772,0.3333333333333333,0.2222222222222222,0.26666666666666666,0.16666666666666666,0.1111111111111111,0.13333333333333333,9,6
193ffaa5272d5c421ae02130a64d98ad120ec70e4ed97a72cdcd4801ce93b066,0.827903084287307,0.9615384615384616,0.9554140127388535,0.9584664536741214,0.9166666666666666,0.910828025477707,0.9137380191693291,157,156
19f0653c33982a416feed56e5d1ce6849fd83314fd19dfa1c5b23c6b66e9868a,0.5577668999182727,0.5844155844155844,0.6428571428571429,0.6122448979591837,0.44155844155844154,0.4857142857142857,0.4625850340136054,70,77
1a11552569160f0b1ea10bedbd628ce6c14f29edec5092034c2309c556df833e,0.180625653385644,0.25,0.17391304347826086,0.20512820512820512,0.25,0.17391304347826086,0.20512820512820512,46,32
1a75de9e11303142864efed27e69ea1960dbd82ca910de221a777ed2caf35a6b,0.8386037869995405,0.8095238095238095,0.85,0.8292682926829269,0.8095238095238095,0.85,0.8292682926829269,20,21
1a75e9f15481d11084fe66bc2a5afac6dc5bec20ed56a7351a6d65ef0fe8762b,0.4349974542849443,0.625,0.625,0.625,0.125,0.125,0.125,8,8
1b2bf5933b0fb82918d278983bee66e9532b53807c3638efd9af66d20a2bae88,0.28132549942883506,0.18181818181818182,0.18181818181818182,0.18181818181818182,0.0,0.0,0.0,11,11
1b44d22643830cd4f23c9deadb0bd499fb392fb2cd9526d81547d93077d983df,0.28255389991599844,0.42857142857142855,0.3125,0.3614457831325301,0.4,0.2916666666666667,0.3373493975903615,96,70
1b518cd2ea84a389c267662840f3d902d0129fab27696215db2488de6d4316c5,0.9124969303293278,0.974025974025974,0.9868421052631579,0.9803921568627451,0.974025974025974,0.9868421052631579,0.9803921568627451,76,77
1b6044e4858a9b7cee9b0028d8e54fbc8fb72e6c4424ab5b9f3859bfc72b33c5,0.46209081439530036,0.5588235294117647,0.48717948717948717,0.5205479452054794,0.29411764705882354,0.2564102564102564,0.273972602739726,39,34
1bd0f2b3000b7c7723f25335fabfcdddcdf4595dd7de1b142d52bb7a186885f0,0.8453342373434992,0.8076923076923077,0.9130434782608695,0.8571428571428572,0.7692307692307693,0.8695652173913043,0.8163265306122449,23,26
1c2f9e121fc207efff79d46390df1a740566b683ff56a96d8cabe830a398dd2e,0.395535660753567,0.2727272727272727,0.25,0.2608695652173913,0.09090909090909091,0.08333333333333333,0.08695652173913043,12,11
1c681dfa5cf7e413305d2e90ee47553a46e29cce4f6ed034c8297e511714f867,0.2905793397934877,0.8461538461538461,0.3333333333333333,0.47826086956521735,0.6538461538461539,0.25757575757575757,0.3695652173913043,66,26
1c8b905c9519061d6d091e702b45274f4485c80dcf7fb1491e6b2723f5002180,0.9157999652072142,0.9712230215827338,0.9926470588235294,0.9818181818181818,0.9568345323741008,0.9779411764705882,0.9672727272727273,136,139
1d02c4b5921e916b9ddfb2f741fd6cf8d0e571ad51eb20e021c826b5fb87350e,0.4839390034049606,0.9166666666666666,0.6470588235294118,0.7586206896551724,0.6666666666666666,0.47058823529411764,0.5517241379310345,17,12
1d4a5e729bb96b08370789cad0791f6e52ce0ffe1fcc97a04046420b43c851dd,0.5985232031023359,0.8076923076923077,0.7777777777777778,0.7924528301886792,0.3076923076923077,0.2962962962962963,0.3018867924528302,27,26
1d5f4717e179a03675a5aac3fc1c862fb442ddc3e373923016fd6b1430da889b,0.35041737921596144,0.4,0.2857142857142857,0.3333333333333333,0.2,0.14285714285714285,0.16666666666666666,7,5
1db1cddf28e305c9478519cfac144eee2242183fe59061f1f15487e925e8f5b5,0.21948655226464694,0.0,0.0,0.0,0.0,0.0,0.0,9,8
1e488c42eb1a54a3e8412b1f12cde530f950f238d71078f2ede6a85a02168e1f,0.6266711826840172,0.5,0.8,0.6153846153846154,0.25,0.4,0.3076923076923077,10,16
1e61ecf354cb93a62a9561db87a53985fb54e001444f98112ed0fc623fad793e,0.4717018938796958,0.3333333333333333,0.3333333333333333,0.3333333333333333,0.16666666666666666,0.16666666666666666,0.16666666666666666,6,6
1e8408fbb1619e7a0bcdd0bcd21fae57e7cb1f297d4c79787a9d0f5695d77073,0.46812870628336106,0.46153846153846156,0.42857142857142855,0.4444444444444445,0.15384615384615385,0.14285714285714285,0.14814814814814817,14,13
1ec74a26e772966df764e063f1391109a60d803cff9d15680093641ed691bf72,0.5879872442330814,0.8076923076923077,0.8076923076923077,0.8076923076923077,0.38461538461538464,0.38461538461538464,0.38461538461538464,26,26
1ee4a111f0e0bb9b001121b94ff98ca736fad03797b25285fe33a47046b3e4b0,0.5102035889793284,1.0,0.7,0.8235294117647058,0.7142857142857143,0.5,0.588235294117647,10,7
1f0008060150b5b93084ae2e4dabd160ab80a95ce8071a321b80ec4e33b58aca,0.7291818954228455,0.7666666666666667,0.8518518518518519,0.8070175438596491,0.6,0.6666666666666666,0.631578947368421,27,30
1f6b7cead15344593b32d5f2345fc26713dc74d9b31306c824209d67da401fd8,0.8861483805465127,0.9859154929577465,0.958904109589041,0.9722222222222222,0.9647887323943662,0.9383561643835616,0.951388888888889,146,142
1f9e429c12f4477221b5b855a5f494fda2ef6d064ff75b061ffaf093e91758c5,0.36864299899015035,0.6530612244897959,0.4155844155844156,0.5079365079365079,0.20408163265306123,0.12987012987012986,0.15873015873015872,77,49
20468e8779c43e089dc0ff30f25e6cf3872d5aa6a0fdad6f8aca382da43e8582,0.13115076659250385,0.5,0.1,0.16666666666666669,0.25,0.05,0.08333333333333334,20,4
20b20ab049372d184c705acebe7af026d3580f5fd5a72ed796e3622e1685af2f,0.49062306041047304,0.7165991902834008,0.6124567474048442,0.6604477611940297,0.1902834008097166,0.16262975778546712,0.17537313432835822,289,247
20c37b1ad2f510ed7396969e855fe93d0d05611738f6e706e8ca1d1aed3ded45,0.7995599420432905,0.9583333333333334,0.9583333333333334,0.9583333333333334,0.875,0.875,0.875,24,24
20e209f6ffa120a72712e1b4c1d3e24d1339227e2936abd4bbd49a636fada423,0.7275379795825313,0.8666666666666667,0.8387096774193549,0.8524590163934426,0.7666666666666667,0.7419354838709677,0.7540983606557377,31,30
212b858a66f0d23768b8e3e1357704fc2f4cf4bbe7eed8cd59b5d01031d553e6,0.7795768632035806,0.9782608695652174,0.9,0.9375,0.9239130434782609,0.85,0.8854166666666666,100,92
21408476af0506331e8b5d49b385833e5ef1fbb90815fbf9af9d19b4bb145f76,0.3915660499773681,0.6666666666666666,0.5,0.5714285714285715,0.3333333333333333,0.25,0.28571428571428575,8,6
220b37f4ca7cab486d2b71cd87a46ee7411a5aa142799d96ed98015ab5ba538a,0.14772727272727273,0.0,0.0,0.0,0.0,0.0,0.0,1,2
2227fd9b01d67c2bcdb407d3205214e6dfeff9fd0725828e3b3651959942ff4a,0.15606038839672964,0.8461538461538461,0.18333333333333332,0.3013698630136986,0.6153846153846154,0.13333333333333333,0.2191780821917808,60,13
2246874c8b5ba218d01ad8153a201ad4660195f3e4c65da6b9d4ccaf82cb7edf,0.46678619242356867,0.8103448275862069,0.5662650602409639,0.6666666666666667,0.3793103448275862,0.26506024096385544,0.31205673758865243,83,58
2255d5aba044256bb92f6b7cbed0fca46d972c7b6b1a59dcbe7f682c5777d074,0.4385652967480245,0.7272727272727273,0.5333333333333333,0.6153846153846153,0.36363636363636365,0.26666666666666666,0.30769230769230765,15,11
2349e95ece2857c89db7e4a8be8c88af0b45f3c4262608120cb3bd6ef51fd241,0.3605649671901917,0.5,0.3333333333333333,0.4,0.3333333333333333,0.2222222222222222,0.26666666666666666,9,6
237802ac5005f9cf782367156c46c383efd9e05088e5768ca883cbbe24abadb1,0.577866033188029,1.0,0.875,0.9333333333333333,0.42857142857142855,0.375,0.39999999999999997,8,7
23830d0e51245fc0c9e410efa4c17d2a7d83a0104a3777130119ab892de47a4e,0.6229028293317018,0.9166666666666666,0.825,0.8684210526315789,0.5277777777777778,0.475,0.5,40,36
243443ae303cc09cfbea85bfd22b0c4f026342f3dfc3aa1076f27867910d025b,0.3626657189198187,0.7575757575757576,0.4032258064516129,0.5263157894736842,0.45454545454545453,0.24193548387096775,0.3157894736842105,62,33
245b995878370ef4ea977568b2b67f93d4ecaa9308761b9d3e148e0803780183,0.6878209000807358,0.9259259259259259,0.9259259259259259,0.9259259259259259,0.5185185185185185,0.5185185185185185,0.5185185185185185,54,54
24a20f2a529cede5695df2422a3986505b5826bb10b10781d6db2074cf3de7b3,0.4173650701884131,0.5185185185185185,0.4117647058823529,0.45901639344262296,0.037037037037037035,0.029411764705882353,0.032786885245901634,34,27
27c30f9011492f234e4587c9a4b53c787037d486f658821196fe354240ac3c47,0.6399542843149659,0.9722222222222222,0.8974358974358975,0.9333333333333333,0.5555555555555556,0.5128205128205128,0.5333333333333333,39,36
2817299fd3b88670e86a9db5651ba24333c299d1d41e5491aabfcd95aee84174,0.4346610458885032,0.6428571428571429,0.5625,0.6000000000000001,0.07142857142857142,0.0625,0.06666666666666667,16,14
2869fad54664677e81bacbf00c2256e89a7b90b69d9688c9342e2c736ff5421c,0.7196241986795655,0.9473684210526315,0.8181818181818182,0.8780487804878049,0.8421052631578947,0.7272727272727273,0.7804878048780488,22,19
28d33efef218392e79e385906deb88055d94b65ad217de78c07e85476f80f45a,0.6845689220406361,0.8787878787878788,0.7435897435897436,0.8055555555555556,0.8181818181818182,0.6923076923076923,0.7500000000000001,39,33
295ac4ecf2ee0211c065cf5dbb93b1eb8e61347153447209cd110e9c3e355e81,0.8582870796908328,0.8571428571428571,1.0,0.923076923076923,0.6666666666666666,0.7777777777777778,0.717948717948718,18,21
29780b28e6a75fac7b96f164a1580666513199794f1b19a5df8587fe0cb59b67,0.48786810501811306,0.8333333333333334,0.5357142857142857,0.6521739130434783,0.5,0.32142857142857145,0.391304347826087,28,18
29dd28df98ee51b4ab1a87f5509538ecc3e4697fc57c40c6165658f61b0d8e3a,0.739382484903017,0.9074074074074074,0.875,0.8909090909090909,0.7592592592592593,0.7321428571428571,0.7454545454545455,56,54
29ea4f6eb4545f43868a9b40a60000426bf8dfd9d062546656a37bd2a2aaf9ec,0.5570399565506476,1.0,0.6923076923076923,0.8181818181818181,0.7777777777777778,0.5384615384615384,0.6363636363636364,13,9
2a1a294e21d76efd0399e4eb321b45f44f7510911acd92c988480195c5b4c812,0.2364063339582505,0.28888888888888886,0.22807017543859648,0.25490196078431376,0.28888888888888886,0.22807017543859648,0.25490196078431376,57,45
2a2032c4ed78f3fc64de7e5efd0bec26a81680b07404eaa54a1744b7ab3f8365,0.6205907431992806,0.8823529411764706,0.6818181818181818,0.7692307692307693,0.7647058823529411,0.5909090909090909,0.6666666666666667,22,17
2ab91a4408860ae8339689ed9f87aa9359de1bdd4ca5c2eab7fff7724dbd6707,0.08919517961846403,0.8333333333333334,0.09090909090909091,0.16393442622950818,0.6666666666666666,0.07272727272727272,0.13114754098360654,55,6
2abc40c118bc7303592c8bb95a80361e27560854b8971ab34dcf91966575b1f2,0.8190422432561846,1.0,0.8888888888888888,0.9411764705882353,1.0,0.8888888888888888,0.9411764705882353,18,16
2ad489c11ed8b77a9d8a2339ac64ffc38e79281c03a2507db4688fd3186c0fe5,0.5637676927277727,0.875,0.7777777777777778,0.823529411764706,0.125,0.1111111111111111,0.11764705882352941,9,8
2b50b1e3fa5c5aa39bc84ebfaea9961b7199c4d2488ae0b48d0b3459807d59d2,0.5817887054898203,0.9,0.8181818181818182,0.8571428571428572,0.3,0.2727272727272727,0.28571428571428564,11,10
2bf594e9d06f78b4b79d7ffb395497a0a91126b6b0d710d7a9cee21f5c3bd177,0.5848290600034043,0.95,0.8260869565217391,0.8837209302325583,0.3,0.2608695652173913,0.27906976744186046,23,20
2c61fdcb36fd1b2944895af6204279e9f6c164ba894198b40c8b7a3c9bf500ea,0.5937766805193315,0.7037037037037037,0.6551724137931034,0.6785714285714286,0.6296296296296297,0.5862068965517241,0.6071428571428571,29,27
2c83c86dd4e5dacc024b55629375567fb8e320a82ef86f541cfe54764040fc25,0.7588173249242885,1.0,0.9583333333333334,0.9787234042553191,0.8695652173913043,0.8333333333333334,0.851063829787234,24,23
2c840a94d216f5ef4e499b53ae885e9b022cbf639e004ec788436093837823b2,0.8606058237725585,0.782608695652174,0.9,0.8372093023255814,0.7391304347826086,0.85,0.7906976744186046,20,23
2cfa61bef6542dd359717e9131ce6f076c415a3bd7f48cb093b0d7f3b2ca785d,0.9045518045453125,1.0,0.9813084112149533,0.9905660377358491,0.9809523809523809,0.9626168224299065,0.9716981132075471,107,105
2cfa857e63be1b418c91ad5ea1f8d136fd1b80fc856e1d4277274c3dea28011c,0.34480172568774403,0.375,0.2727272727272727,0.3157894736842105,0.0,0.0,0.0,11,8
2d53d7ec0c579fffd6710c956288537d46c719a93c6a04ac0d6550f75a6a6493,0.9673384857232146,1.0,1.0,1.0,1.0,1.0,1.0,7,7
2dd3356f2dcf470aec4003800744dfec6490e75d88011e1d835f4f3d60f88e7a,0.5082394048871262,0.5963302752293578,0.5555555555555556,0.5752212389380531,0.1834862385321101,0.17094017094017094,0.1769911504424779,117,109
2dd9d8c797fc695665326fc8fd0eb5cd292139fa478ccb5acb7fb352f7030063,0.3439451377822631,0.5,0.3125,0.38461538461538464,0.1,0.0625,0.07692307692307693,16,10
2dec81a678ddcac2b110acffe82427d857695180bd841e3f9736a554acf832af,0.9140593950675394,1.0,0.96,0.9795918367346939,1.0,0.96,0.9795918367346939,25,24
2e172afb1f43b359f1f0208da9386aefe97c0c1afe202abfe6ec09cdca820990,0.4573710399158191,0.8620689655172413,0.6097560975609756,0.7142857142857144,0.2413793103448276,0.17073170731707318,0.20000000000000004,41,29
2e2d29fc44444a85049b162eb359a523dec108ccd5bd75022b25547491abf0c7,0.6244822973064929,0.7407407407407407,0.8695652173913043,0.7999999999999999,0.3333333333333333,0.391304347826087,0.36,23,27
2f929b067a59f88530b6bfa6f6889bc3a38adf88d594895973d1c8b2549fd93d,0.6663356080691093,0.8490566037735849,0.8653846153846154,0.8571428571428571,0.4528301886792453,0.46153846153846156,0.45714285714285713,52,53
30311520606ec99b6a810ae1a9a753df991777d374212423bb075c408a98ed74,0.19091645368970098,1.0,0.2391304347826087,0.3859649122807018,1.0,0.2391304347826087,0.3859649122807018,46,11
305a8baaf726d7c9e695bff31d3a6a61445999a4732f0a3e6174dc9dcbe43931,0.5772055600444268,0.8181818181818182,0.75,0.7826086956521738,0.2727272727272727,0.25,0.2608695652173913,12,11
308084bdd358e0bd3dc7f2b409d6f34cc119bce30216f44667fc2be43ff31722,0.28731568097885585,0.7692307692307693,0.3333333333333333,0.4651162790697674,0.3076923076923077,0.13333333333333333,0.18604651162790697,60,26
309ba76b12ecb5ce28b99f3445b2b5dc54c0564c3c0e24c17e4c89a94a5d0535,0.38253454376260093,0.2,0.2222222222222222,0.2105263157894737,0.0,0.0,0.0,9,10
30f65741053db713b3f328d31d3234b6fedbe31df65c1a8ea29be28146cab789,0.726783652670198,0.96,0.8571428571428571,0.9056603773584904,0.92,0.8214285714285714,0.8679245283018867,28,25
317832f90f02c5e916b2ac0f3bcb8da9928d8e400b747b2c68e544e56adacf6b,0.5789835954935235,0.9142857142857143,0.7804878048780488,0.8421052631578947,0.4857142857142857,0.4146341463414634,0.4473684210526316,41,35
319b6cb8b0d24b38db5e3c6fbb13b062e2766d9af5ff9bccb8f439ac0d870e52,0.3348320133401504,0.5625,0.3829787234042553,0.45569620253164556,0.125,0.0851063829787234,0.10126582278481013,47,32
33618678c167c5e07be02c49d0c43bcd90493ba5d83110a631409a4d3ccc1e51,0.9315315885499149,1.0,1.0,1.0,1.0,1.0,1.0,19,19
337b6eed0726f07531cd467cd62b6676c31a8c9e716bdbc49433986c022252cf,0.5526727106148475,0.8,0.7058823529411765,0.7500000000000001,0.4,0.35294117647058826,0.37500000000000006,51,45
33a5b0ff232b425796ee6a9dd5b516ff9aad54ca723b4ec490bf5cd9b2e2a731,0.5814255781308851,0.6521739130434783,0.6521739130434783,0.6521739130434783,0.391304347826087,0.391304347826087,0.391304347826087,23,23
33d0a9b24c25852ce35274b4b1777484ccd21f44dbe35491cc926e5948c1ce3e,0.3036451481842244,0.2727272727272727,0.21428571428571427,0.23999999999999996,0.09090909090909091,0.07142857142857142,0.08,14,11
3441821ebea04face181c9e2f4d0d09727c764827ac51b9e7fbadbebabeab225,0.7293977065556214,0.7586206896551724,0.7857142857142857,0.7719298245614034,0.6896551724137931,0.7142857142857143,0.7017543859649122,28,29
3477024fd843e46097840360f9cdee24b76bf5c593ed27a9aee7a5728a06aa51,0.9500712577124465,1.0,1.0,1.0,1.0,1.0,1.0,23,23
34c9f4eb2af8b8f46b1d88b74bde16f4614cd08948c2f1d817eb629afc512e7a,0.41683293762107776,0.7,0.5384615384615384,0.608695652173913,0.1,0.07692307692307693,0.08695652173913043,13,10
351771edfc5db5665ded8aa4940257276b6526663c76e3b60b92a52584d8943c,0.7644242027831197,0.970873786407767,0.9433962264150944,0.9569377990430622,0.7766990291262136,0.7547169811320755,0.7655502392344498,106,103
353ab00e964f71aa720385223a9078b770b7e3efaf5be0f66e670981f68fe606,0.6730268965874785,0.9545454545454546,0.84,0.8936170212765958,0.7272727272727273,0.64,0.6808510638297872,50,44
356d9903d16074f152fe8f2f0ef555d9959c53264228eae7373cad5cf35d4e85,0.3846425443435782,0.7352941176470589,0.46296296296296297,0.5681818181818182,0.23529411764705882,0.14814814814814814,0.1818181818181818,54,34
3582166ee20755856adf4882a8bfacb616fce4247911605a109c4862de421bcd,0.11646909383765212,0.6666666666666666,0.09090909090909091,0.16,0.6666666666666666,0.09090909090909091,0.16,44,6
358e47eaa1e9222252793fe0fb8c77028d4e0d4360b95a07c9fe6df6a2066556,0.6753195969343323,0.9148936170212766,0.8269230769230769,0.8686868686868686,0.6595744680851063,0.5961538461538461,0.6262626262626262,52,47
3594684b9ea0e16196f498815508f8d364d55fea2933a2e782122b6f00375d04,0.21600600447867152,0.20689655172413793,0.21818181818181817,0.21238938053097345,0.1724137931034483,0.18181818181818182,0.1769911504424779,55,58
35ca5f142a7d7a3e4b59f1a767a31f87cb00d66348226bc64094ee3d1e46531c,0.6488342061091972,0.9318181818181818,0.803921568627451,0.8631578947368421,0.8181818181818182,0.7058823529411765,0.7578947368421053,51,44
371a67232f7c871ec11332292c83cd9bb16063b91d58e86f0b76ef8817bc9465,0.3394050537493988,0.6,0.42857142857142855,0.5,0.1,0.07142857142857142,0.08333333333333333,14,10
37ed50eea5a1e0bade3e6753793b6caeb061cd4c2f365658c257f69cab1f6288,0.613684920516552,0.8857142857142857,0.8157894736842105,0.8493150684931505,0.4,0.3684210526315789,0.3835616438356164,38,35
3852c7e45bd885b9537e276861ab50b99bb42f0f8e717d2f88174c62862ca3ff,0.1884380476737256,1.0,0.26785714285714285,0.4225352112676056,0.4,0.10714285714285714,0.16901408450704225,56,15
3874755f6222e83006fdad4d664ec0d9697c13af4fbe24b2f9a059bb13075186,0.2709896001270811,0.8,0.26666666666666666,0.4,0.8,0.26666666666666666,0.4,15,5
3934a094e8537841e973342c7f8880606f7a2712b14930340d6f6c2afe178c25,0.49164345868193904,0.7450980392156863,0.5846153846153846,0.6551724137931034,0.23529411764705882,0.18461538461538463,0.20689655172413796,65,51
3a22fe593d9606d4f137461dd6802fd3918f9fbf36f4a65292be69670365e2ca,0.83116629703515,0.9090909090909091,0.9090909090909091,0.9090909090909091,0.8636363636363636,0.8636363636363636,0.8636363636363636,22,22
3a3fee427e6ef7dfd0d82681e2bcee2d054f80287aea7dfa3fa4447666f929b9,0.7584518511279582,0.9272727272727272,0.9107142857142857,0.918918918918919,0.8,0.7857142857142857,0.7927927927927927,56,55
3a508d2dc03db46e7f97a2a30eabb62ab2886f3cedfea303de8f6a42e50d20eb,0.24733197239164353,0.2,0.14285714285714285,0.16666666666666666,0.06666666666666667,0.047619047619047616,0.05555555555555555,21,15
3ab9cab6212fabd723a2c5a1949c2ded19980398b56e6080978e796f45cbbc90,0.1252681620677293,1.0,0.17391304347826086,0.29629629629629634,0.5,0.08695652173913043,0.14814814814814817,23,4
3b0709483b1e86449cc355bb797e841117ba178c6ae1ed955384f4da6486aa20,0.6260795514495029,0.9285714285714286,0.7647058823529411,0.8387096774193549,0.7142857142857143,0.5882352941176471,0.6451612903225806,17,14
3b3f516ebc9a16cff287a5ffd3a1861a345a6d38bedbba74f1c0b0e0eac62afd,0.6455707437760998,0.8947368421052632,0.85,0.8717948717948718,0.5263157894736842,0.5,0.5128205128205129,40,38
3b75fc03a1d12b29bd2870eb1f6fdb44174dbd1118dfc11c31f127bd87bd27ef,0.2680972487329755,0.3333333333333333,0.25,0.28571428571428575,0.0,0.0,0.0,8,6
3b957237bc1e09740b58a414282393d3a91dde996b061e7061f4198fb03dab2e,0.24489121140161593,0.05,0.038461538461538464,0.043478260869565216,0.0,0.0,0.0,26,20
3bf7873f11823f4b64422f49c8248dd95c0d01f9ae9075ae3d233bbb21a3d875,0.26134153342989686,0.96,0.36363636363636365,0.5274725274725274,0.48,0.18181818181818182,0.2637362637362637,66,25
3bfa8b3b01fd24a28477f103063d17368a7398b27331e020f3a0ef59bf68c940,0.49604157567716584,0.7666666666666667,0.5609756097560976,0.6478873239436621,0.48333333333333334,0.35365853658536583,0.4084507042253521,82,60
3bfd6bb152310f93daa6f4e1867c10572946e874b3a30c9ba8e0fcdeb590300b,0.7673311802483199,0.9354838709677419,0.90625,0.9206349206349206,0.8387096774193549,0.8125,0.8253968253968254,32,31
3ca8181367fc1258a418f7bf5044533c83e02a59c1a96def043295c429c297a8,0.8801190422924463,0.8260869565217391,0.95,0.8837209302325583,0.7391304347826086,0.85,0.7906976744186046,20,23
3d0ca3498d97edebd28dbc7035eced40baa4af199af09cbb7251792accaa69fe,0.14964232588925688,0.0,0.0,0.0,0.0,0.0,0.0,4,4
3ebd2ab34ba86e515feb79ffdeb7fc303a074a98ba39949b905dbde3ff4b7ec0,0.8951536014329712,0.9855072463768116,0.9855072463768116,0.9855072463768116,0.9637681159420289,0.9637681159420289,0.9637681159420289,138,138
3f9fc8e63f87e8a56d3eaef7db26f1b6db874d19f12abd5a752821b78d47661e,0.8808330116373713,0.9490445859872612,0.9551282051282052,0.952076677316294,0.9171974522292994,0.9230769230769231,0.9201277955271566,156,157
40946065f7e4b6038599fbfd419f2a67e7635b6f89db3ed6c0d67c8801521af1,0.6613978297416174,0.6875,0.7333333333333333,0.7096774193548386,0.4375,0.4666666666666667,0.45161290322580644,15,16
40b00d701695d8ea5d59f95ac39e18004040c96d17fbc1a539317c674eca084b,0.5006954808489704,0.8333333333333334,0.625,0.7142857142857143,0.4444444444444444,0.3333333333333333,0.380952380952381,24,18
40bcdad218ac5f0885fc247d88fcad9f729f55c81c79d241a8f1559b6d8c0574,0.3543472969155468,0.2727272727272727,0.25,0.2608695652173913,0.18181818181818182,0.16666666666666666,0.17391304347826086,12,11
4185b9369fc8bdcc7e7c68f2129b9a7442237cd0f836a4b6d13ef64bf0ef572a,0.4766079633855987,0.75,0.625,0.6818181818181818,0.25,0.20833333333333334,0.22727272727272727,48,40
4193474b2f1c72f735b13633b219d9cabdd43c21d9c2bb4dfc4809f104ba4c06,0.5431275588192077,0.6666666666666666,0.6666666666666666,0.6666666666666666,0.6666666666666666,0.6666666666666666,0.6666666666666666,12,12
420f43d21dbaba42bf8c0995b3a2c85537876d594433770c6c6f3d6b779ec15f,0.5783598979554427,0.8571428571428571,0.7346938775510204,0.7912087912087913,0.6428571428571429,0.5510204081632653,0.5934065934065934,49,42
4217e25defac94ff465157d53f5a24b8a14045b763d8606ec4a97d71d99ee381,0.21047736762954908,0.39473684210526316,0.22727272727272727,0.28846153846153844,0.35526315789473684,0.20454545454545456,0.2596153846153846,132,76
431b9b0c520a28375b5a0c18d0a5039dd62cbca7c4a0bcc25af3b763d4a81bec,0.4631881721078715,0.875,0.6363636363636364,0.7368421052631579,0.375,0.2727272727272727,0.3157894736842105,11,8
4327d27591871e9c8d317071a390d1b3dcedad05a9746175b005c41ea0d797b2,0.5753964453136982,0.9473684210526315,0.5806451612903226,0.72,0.9473684210526315,0.5806451612903226,0.72,31,19
43cf6b2ec0b0745ac2b87b4d8780f62e9050d3f5d50a1fcefa42d166191e84c6,0.9594711688854329,1.0,1.0,1.0,1.0,1.0,1.0,23,23
442c4eb0185698fe7d148c108a46f74abd399aecda2f4f22981a1671cd95dd7d,0.5439669315377655,0.6470588235294118,0.6875,0.6666666666666667,0.35294117647058826,0.375,0.3636363636363636,16,17
449a9c32e53a37c8a86e01c199155c8da3958b631088e10f6fe43c2119defe51,0.7075222590580879,0.88,0.7586206896551724,0.8148148148148148,0.82,0.7068965517241379,0.7592592592592593,58,50
449f41710769584b5e4eca8ecb4c76d5272605f27da2949e6285de0860d2cbc0,0.9270211908214284,1.0,0.9705882352941176,0.9850746268656716,1.0,0.9705882352941176,0.9850746268656716,34,33
449fe932622db3b49366a260ddd20077219f96fb2dc0f912ad4f60b087876f3b,0.6771704978119909,1.0,0.8863636363636364,0.9397590361445783,0.6666666666666666,0.5909090909090909,0.6265060240963856,44,39
44ab6a09eedee848b072ea3acd0f4e781f9c43b8d4e3d62598e1024584bf0b01,0.6926054569959563,0.9,0.7941176470588235,0.84375,0.7,0.6176470588235294,0.65625,34,30
4590d7d47f521df62f3bcb0bf74d1bca861d94ade614d8afc912d1009d607b94,0.7148554919532502,0.8904109589041096,0.8024691358024691,0.8441558441558442,0.7945205479452054,0.7160493827160493,0.7532467532467533,81,73
4596961c789d3b41916492918797724fe75128239fefc516c3ee75322b7926f0,0.8870282438249114,0.9850746268656716,0.9924812030075187,0.9887640449438201,0.9701492537313433,0.9774436090225563,0.9737827715355805,133,134
45c3bdef1819ba7029990e159f61543ed25781d13fb4dc5d4de52e803debd7d3,0.8176042329471918,1.0,0.875,0.9333333333333333,1.0,0.875,0.9333333333333333,8,7
45cc00f2ef95da6698bf590663e319d7c0ed4fb99d42dd3cf4060887da74fb81,0.831912994521114,1.0,0.875,0.9333333333333333,1.0,0.875,0.9333333333333333,16,14
45f059cf21d85ecfce0eb93260516f1e2443d210e9a52f9ae2271d604aa3fcc5,0.7707435435875334,0.8235294117647058,0.9333333333333333,0.8749999999999999,0.7058823529411765,0.8,0.7500000000000001,15,17
4829177d0b36abdd92c4ef0c7834cbc49f95232076bdd7e828f1f7cbb5ed80ec,0.5327538277753774,0.8571428571428571,0.75,0.7999999999999999,0.14285714285714285,0.125,0.13333333333333333,8,7
483b89aa683542f1c63e62f5f71ae8ae1f959caf1c379cd61230a71cd1036732,0.382078855865465,0.23076923076923078,0.23076923076923078,0.23076923076923078,0.07692307692307693,0.07692307692307693,0.07692307692307693,13,13
4948e3dfe0483c2198b9616612071ead5474dffd223071cf0a567aea9aca0b9e,0.8545451887232861,0.9523809523809523,0.9090909090909091,0.9302325581395349,0.9523809523809523,0.9090909090909091,0.9302325581395349,22,21
49edc2f7715100fb0390916e52b3fd11a921f02e59509dc987f67840a36250fc,0.9395081603474401,1.0,1.0,1.0,1.0,1.0,1.0,70,70
4a424e0cb845cf6fd4d9fe62875552c7b89a4e0276cf16ebf46babe4656a794e,0.6372967658642664,0.8695652173913043,0.7547169811320755,0.8080808080808081,0.5869565217391305,0.5094339622641509,0.5454545454545454,53,46
4ae4f936a9ade472764dad80f60f7168e4be067aa66ce9d06d60ebe34951dca4,0.5301834026444271,0.7916666666666666,0.6333333333333333,0.7037037037037038,0.3333333333333333,0.26666666666666666,0.2962962962962963,30,24
4b274461c6d001a7a9aeaf5952b40ac4934d1be96b9c176edfd628a8f77e6df2,0.5065538551692967,0.9090909090909091,0.625,0.7407407407407406,0.5454545454545454,0.375,0.4444444444444444,16,11
4bf6a5ec42032bb8dbbb10d25fdc5211b2fe1ce44b6e577ef89dbda17697d819,0.15196172394016802,0.8,0.18181818181818182,0.2962962962962963,0.0,0.0,0.0,22,5
4c032609d377bd980e01f888e0b298600bf8af0e33c4271a1f3aaf76964dce06,0.9112834781294612,0.92,1.0,0.9583333333333334,0.84,0.9130434782608695,0.8749999999999999,23,25
4c465a54e329ec7b0f4bc5f6acdfd3192707d6c0fbdf557339485581c5a6b3c1,0.6681799925277155,0.9384615384615385,0.7721518987341772,0.8472222222222223,0.8307692307692308,0.6835443037974683,0.75,79,65
4ca5081854df7bbcaa4934fcf34318f82733a0f8c05b942c2265eea75419d62f,0.4129438430333513,0.64,0.43243243243243246,0.5161290322580645,0.16,0.10810810810810811,0.12903225806451613,37,25
4cbd6c37f3a55a538d759d440344c287cac66260d3047a83f429e63e7a0f7f20,0.6004797757709442,0.9,0.6923076923076923,0.7826086956521738,0.9,0.6923076923076923,0.7826086956521738,13,10
4d09672bcf5a2661eea00891bbb8191225a06619a849aece37ad10d9dedbde3e,0.8224926291563177,1.0,0.8611111111111112,0.9253731343283582,1.0,0.8611111111111112,0.9253731343283582,36,31
4d14a3629b6af6de86d850be236b833a7bfcbf6d8665fd73c6dc339e06c14607,0.4952143483048526,0.7297297297297297,0.5510204081632653,0.6279069767441859,0.3918918918918919,0.29591836734693877,0.3372093023255814,98,74
4d2cff9a0c8df3a7ef6100fda6f66e865a7670af6a18564767d8019b9ed2fd7b,0.8881177186475783,0.9743589743589743,0.957983193277311,0.9661016949152542,0.9487179487179487,0.9327731092436975,0.9406779661016949,119,117
4d40de30a3db3bc4f241cb7f48e8497c11e8f20a99bf55788bdce17242029745,0.3884763496009284,0.8125,0.4642857142857143,0.5909090909090908,0.375,0.21428571428571427,0.2727272727272727,28,16
4d4ebfcae4374165ea6ae7c7e18fd0ba5014c3c860ee2489c59e25ddd45e7a32,0.7263805334833656,0.8936170212765957,0.8571428571428571,0.875,0.7659574468085106,0.7346938775510204,0.7499999999999999,49,47
4d4f254f3b8b4408d661df3735591554b2f6587ce1952928d619b48010d55467,0.7349692493523604,0.875,0.9333333333333333,0.9032258064516129,0.6875,0.7333333333333333,0.7096774193548386,15,16
4dbbb275960ab9e4ec2c66c8d3000f7c70c8dce5112df591b95db84e25efa6e9,0.7348161561488774,0.9529411764705882,0.8852459016393442,0.9178470254957507,0.8470588235294118,0.7868852459016393,0.8158640226628895,183,170
4e07a653352b30bb95b60ebc6c57afbc7215716224af731c51ff8d430788cd40,0.143464899273636,0.1518987341772152,0.08823529411764706,0.1116279069767442,0.11392405063291139,0.0661764705882353,0.08372093023255814,136,79
4e1c889de3764694d0dea41e5682fedb265eaf2cdbe72ff6c1f518747d709464,0.800233517658054,1.0,0.8604651162790697,0.9249999999999999,1.0,0.8604651162790697,0.9249999999999999,43,37
4e23ecf65040f86420e0201134e538951acdeda84fbb274311f995682044dd64,0.5691049731920635,0.7307692307692307,0.7037037037037037,0.7169811320754716,0.4230769230769231,0.4074074074074074,0.4150943396226415,27,26
4e92129f4e8066d6f560d6022cd343a2245939aa49d8b06cddbd9bfc7e7eeb0e,0.5270213362952433,0.8,0.6086956521739131,0.6913580246913581,0.6571428571428571,0.5,0.5679012345679013,46,35
4ee5850b63549794eb3ecd3d5f5673164ac16936e36ecc3700da886e3b616149,0.7391028555154794,0.9069767441860465,0.8125,0.8571428571428572,0.813953488372093,0.7291666666666666,0.7692307692307692,48,43
4ff152d76db095f75c664dd48e41e8c9953fd0e784535883916383165e28a08e,0.35943340292108505,0.6,0.5,0.5454545454545454,0.0,0.0,0.0,6,5
50a7ea80dd73232a17f98b5c83f62ec89989e892fe25b79b36f99b3872a7d182,0.7106725780856261,0.8181818181818182,0.8181818181818182,0.8181818181818182,0.6363636363636364,0.6363636363636364,0.6363636363636364,22,22
514ccfc78cb55988a238d3ac9dc83460aa88382c95d56bcc0559962d9fe481ef,0.7901800294207096,0.782608695652174,0.8571428571428571,0.8181818181818182,0.6521739130434783,0.7142857142857143,0.6818181818181819,21,23
516a0e20327d6dfcedcf57e3056115e4fb29cdf4cb349003bdfc75c9b7f5c2cf,0.8548361390932858,0.875,0.9545454545454546,0.9130434782608695,0.7916666666666666,0.8636363636363636,0.8260869565217391,22,24
52a4ac5a875be7a6c886035d54fb63f5f397dc43508c4831898f6b2f8debc7f3,0.5682743940032036,0.75,0.75,0.75,0.375,0.375,0.375,8,8
52a6b8ae4c8e0a8a07a31b8e3f401d8811bf1942969c198e51dfcbd98520aa60,0.5609466504495241,0.8947368421052632,0.68,0.7727272727272727,0.5789473684210527,0.44,0.5,25,19
538b7673d507014d83af238876e03617396b70fe27f525f8205a4a96900fbb8e,0.5637936829351987,0.8766233766233766,0.6887755102040817,0.7714285714285715,0.6233766233766234,0.4897959183673469,0.5485714285714286,196,154
53ad09e4348767bece0165884bf40c10b72ae18444e3f414a850442f02385efc,0.9099956313178573,1.0,0.991869918699187,0.9959183673469388,0.9918032786885246,0.983739837398374,0.9877551020408164,123,122
5419302571113e9aa74c7c0a9575333ca539b871a16c86ee92b35170b4ddc52e,0.40408909413565497,0.42857142857142855,0.375,0.39999999999999997,0.14285714285714285,0.125,0.13333333333333333,8,7
54793624413c7d0e048173f7aeee85de3277f7e8d47c82e0a854fe43e879cd12,0.21383510997377533,0.30612244897959184,0.2054794520547945,0.2459016393442623,0.30612244897959184,0.2054794520547945,0.2459016393442623,73,49
547ef286ee5f4e5dce533e982e6992ada67b7d727fdd3cfa6576f24c631a7ae6,0.8023226345825236,0.967741935483871,0.933852140077821,0.9504950495049506,0.9032258064516129,0.8715953307392996,0.887128712871287,257,248
5488e8df5440ee5161fdfae3aeccd2ee396636430065c90e3f1f73870a975991,0.7623242180126091,0.7560975609756098,0.8611111111111112,0.8051948051948052,0.6097560975609756,0.6944444444444444,0.6493506493506495,36,41
54cb3328e778d87f76062b0550e3bc190f46384acd8efbe58c297265d1906e84,0.33372620640713246,0.8421052631578947,0.4444444444444444,0.5818181818181818,0.3157894736842105,0.16666666666666666,0.2181818181818182,36,19
54fe2d3416951cbc48f8718624c86a7ae58b6022a7fa75591b13f625cf53658b,0.5544998751759733,0.8181818181818182,0.72,0.7659574468085107,0.4090909090909091,0.36,0.3829787234042554,25,22
55f98f43c152aa0dc8bea513f8ba558cc57494b81ae4ee816977816e79629c50,0.4596794249766933,0.5909090909090909,0.48148148148148145,0.5306122448979591,0.3181818181818182,0.25925925925925924,0.2857142857142857,27,22
55ff2b0ec48b76e10c7ee18add5794005cd551697f96af865c763d50da78dd9c,0.6538635589046426,1.0,0.8,0.888888888888889,0.8125,0.65,0.7222222222222223,20,16
564fa390d9a9c26f986bf860d9091cbd84244bc1c8e3c9369f2f2e5b5fd99b92,0.1965722742707318,1.0,0.24615384615384617,0.39506172839506176,0.75,0.18461538461538463,0.29629629629629634,65,16
56d0da5b663ddd49955478c00ca03118c367ff7dd6a646b8c875b0acb207d1c5,0.8771441377769724,1.0,0.9583333333333334,0.9787234042553191,0.9565217391304348,0.9166666666666666,0.9361702127659574,24,23
573a657d5e5fcb9574a758b0ab34b09c79d7ba374ceb71227c3dc88f009a3f6b,0.6807058222899284,0.92,0.8518518518518519,0.8846153846153846,0.68,0.6296296296296297,0.6538461538461539,27,25
573e1480b500c395f8d3f1800e1998bf553af0d3d43039333d33cf37d08f64e5,0.45443149751717815,0.4166666666666667,0.4166666666666667,0.4166666666666667,0.08333333333333333,0.08333333333333333,0.08333333333333333,12,12
57b49733c5a3c268b013553635a826e6a1b10e699bbd19c3b842375fe0adf344,0.7645730922742282,0.6363636363636364,0.7777777777777778,0.7000000000000001,0.5909090909090909,0.7222222222222222,0.65,18,22
57bd029b19c1b382bef9db3ac14f13ea85e36a6053b92e46caedee95c05847ab,0.5577672877488361,0.5,0.6666666666666666,0.5714285714285715,0.3333333333333333,0.4444444444444444,0.380952380952381,9,12
57d88f45e479ce3821839b2706d667758c63ac769d76800d815c73d2507c1e42,0.6113833598847435,0.8974358974358975,0.7954545454545454,0.8433734939759037,0.5641025641025641,0.5,0.5301204819277109,44,39
58406ed8ef944831c413c3424dc2b07e59aef13eb1ff16acbb3402b38b5de0bd,0.7953098022701874,1.0,0.8888888888888888,0.9411764705882353,0.9375,0.8333333333333334,0.8823529411764706,18,16
589f86dee5b480a88dd4f77eeaffe2c4d70aefdf879a4096dde1fa4d41055b8f,0.5306477724851004,0.5,0.625,0.5555555555555556,0.3,0.375,0.33333333333333326,8,10
58c593bcb98386e7fd42a1d34e291db93477624b164e83ab2afa3caa90d1d921,0.41820040899795496,0.0,0.0,0.0,0.0,0.0,0.0,2,4
58cc121d37fb7f1b4a5252024d88415936781e540252b8f734faeedd29b682d5,0.5908267529941783,0.9047619047619048,0.7755102040816326,0.8351648351648353,0.5,0.42857142857142855,0.4615384615384615,49,42
5908488d940e846cc121c768758da9b1bd5b9922417e20c9101a4e254fa98af8,0.5826661959996181,0.9230769230769231,0.782608695652174,0.8470588235294118,0.5128205128205128,0.43478260869565216,0.47058823529411764,46,39
5953af5080d981b554529971903d8bee9871457a4361b51f04ba04f43793dd8f,0.5976652461934746,0.8888888888888888,0.7741935483870968,0.8275862068965517,0.5185185185185185,0.45161290322580644,0.48275862068965514,31,27
5afb7932e9c7328f4fb1d7a8166a3699d6cdc5192b93758a75e9956f1513c5a3,0.7787450079723338,0.9840637450199203,0.9080882352941176,0.9445506692160611,0.9362549800796812,0.8639705882352942,0.8986615678776291,272,251
5afcbfd0dd64392aa1e233b996d0bfb4354ee7119f30ae111c33d0fe4df11590,0.8862092447799854,1.0,0.9629629629629629,0.9811320754716981,0.9615384615384616,0.9259259259259259,0.9433962264150944,27,26
5b0bde771bc67c505d1b59405cbcad0a2766ec3ee4e35852e959552c1b454233,0.22229919430437853,0.5,0.2,0.28571428571428575,0.0,0.0,0.0,10,4
5b12df18e4ae4df5af06052584cf0e6bef58ee2a220653890636eef88a944e14,0.4713522047416464,0.9090909090909091,0.6666666666666666,0.7692307692307692,0.36363636363636365,0.26666666666666666,0.30769230769230765,15,11
5b2ccfb94dedf2ec8797c0404fc324888e35ab903c41bb26f070552033ca8e6c,0.7541857150525381,0.8918918918918919,0.9166666666666666,0.9041095890410958,0.7837837837837838,0.8055555555555556,0.7945205479452055,36,37
5ba4facefc949c920d7054813a3e846b000969da2ed860148bdfd18456f59bcc,0.7890057123907449,0.9310344827586207,0.8709677419354839,0.9,0.8620689655172413,0.8064516129032258,0.8333333333333334,31,29
5bb8508ff8ec8683fc6a8aa6bd470f6feb3af4eccdca07f51a1ebc9dad67cfb8,0.832100381596789,1.0,0.875,0.9333333333333333,1.0,0.875,0.9333333333333333,32,28
5bda829acd824821bc1f3f6573cf065d364653d5322f033a4af943f7a6170566,0.7235986965320216,0.8,0.8,0.8000000000000002,0.7,0.7,0.7,20,20
5c235b945b25b9905b9b0429ce59f1db51d0d0c7d48c2c21ab9f3ca54b0715e6,0.8458725193176467,0.896551724137931,0.896551724137931,0.896551724137931,0.8620689655172413,0.8620689655172413,0.8620689655172413,29,29
5c6eb9a47852754d4e45eceb9a696c64c7cfe304afc5ea491cdfef11d55c17f3,0.6444290983923087,0.8363636363636363,0.7666666666666667,0.8,0.5272727272727272,0.48333333333333334,0.5043478260869565,60,55
5cc036b65f7f2d5480e2be111a561f3713ac021683a9a9138dc49492a29ce856,0.5731899877567667,1.0,0.75,0.8571428571428571,0.75,0.5625,0.6428571428571429,16,12
5d21acedb3015c1208b31778561f8b1079cca7487399300390c3947f691e3974,0.6536824155598064,0.90625,0.7837837837837838,0.8405797101449275,0.6875,0.5945945945945946,0.6376811594202898,37,32
5d2c98fd6fda3c7d739461c3b3d4a0c7f8456121a14519dc5955a1775227b053,0.5907924746366714,1.0,0.825,0.9041095890410958,0.5151515151515151,0.425,0.4657534246575342,40,33
5d58600efa0c2667ec85595bf456a54e2bd6e6e9a5c0dff42d807bc9fe2b822e,0.21904812856678846,0.3220338983050847,0.2289156626506024,0.2676056338028169,0.3050847457627119,0.21686746987951808,0.2535211267605634,83,59
5d75a63972ef643efd7c42f20668b167f2af43635d6263962d84e62e7609ab51,0.6161582260735933,0.9166666666666666,0.75,0.8250000000000001,0.6388888888888888,0.5227272727272727,0.575,88,72
5ddbfba2519484316e4b7ccabfa605e6e6fd96c3d87ac8cdfd2c134571a15311,0.30225482764055067,0.8,0.34782608695652173,0.48484848484848486,0.5,0.21739130434782608,0.30303030303030304,23,10
5e263abff938acba1c0cff698261c7c00c23d7376e3ceacc3d5d4a655216b16d,0.19973038336257495,0.36363636363636365,0.20512820512820512,0.2622950819672131,0.3409090909090909,0.19230769230769232,0.2459016393442623,78,44
5ef4442e5b8b0b4cf824b61be4050dfd793d846e0a6800afa4425a2f66e91456,0.4609138766809571,0.6,0.5,0.5454545454545454,0.2222222222222222,0.18518518518518517,0.202020202020202,54,45
5f9d29d6388c700f35a3c29fa1b1ce0c1cba6667d05fdb70bd1e89004dcf71ed,0.9028321017169992,0.9731543624161074,0.9797297297297297,0.9764309764309763,0.9463087248322147,0.9527027027027027,0.9494949494949495,148,149
602f267432e7a573e1092f1cf48135c82d0fbc8722bc028b9330ec801a40bb18,0.7402447090451212,1.0,0.9473684210526315,0.972972972972973,0.7222222222222222,0.6842105263157895,0.7027027027027027,19,18
6034456567632f4b48dc3dfbb98534b5953c151990f4235df6c912c0a9c08397,0.4170814940940805,0.47058823529411764,0.42105263157894735,0.4444444444444444,0.11764705882352941,0.10526315789473684,0.1111111111111111,19,17
608ff81c8a0c8b622f6648a9c7f935d85f0c503f515ef2ac3728387be1953ee8,0.4247085178971682,0.75,0.4,0.5217391304347827,0.625,0.3333333333333333,0.43478260869565216,15,8
60cb718759bff13f81c4055a7679e81326f78b6a193a2d856546097c949b20ff,0.28058390096583996,0.07142857142857142,0.07407407407407407,0.07272727272727272,0.07142857142857142,0.07407407407407407,0.07272727272727272,27,28
610f32e2d9d270d740aec501dcf0c89595e4e623468ad43272adab90520a8f96,0.6722211160700595,0.7777777777777778,0.7636363636363637,0.7706422018348624,0.6666666666666666,0.6545454545454545,0.6605504587155963,55,54
615985773f1469fbc00915b3e82d1d4942051c09ddea2667e37ad361ed2e9d59,0.6483437752001645,1.0,0.7714285714285715,0.870967741935484,0.9259259259259259,0.7142857142857143,0.8064516129032259,35,27
619429303c1af7540916509fe7900cf483eba4391b06aac87ff7f66ca1ab6483,0.7883166183196769,0.9583333333333334,0.9583333333333334,0.9583333333333334,0.9166666666666666,0.9166666666666666,0.9166666666666666,24,24
61a15ccbfebb9d2fc54c068472a75d7babfb3f48fea008470e7db807585f9510,0.2491306402577144,0.06666666666666667,0.047619047619047616,0.05555555555555555,0.03333333333333333,0.023809523809523808,0.027777777777777776,42,30
61dc249314d7b965eb4561ec739eab9b0f60af55c97b25ced8cb2a42a0be128e,0.8880149864681608,0.99,0.9801980198019802,0.9850746268656716,0.96,0.9504950495049505,0.9552238805970149,101,100
62057502c387145ed4f8f7f0d5e5bedcb72d3bcec15fa71cb0310dee32871461,0.9245658371017609,1.0,0.9900990099009901,0.9950248756218906,1.0,0.9900990099009901,0.9950248756218906,101,100
623cf6987b3fac8f384c09f40d98c5e739c097aa9a9627054542aa27f7d38db1,0.6655647765791707,0.9047619047619048,0.8260869565217391,0.8636363636363636,0.5238095238095238,0.4782608695652174,0.5,23,21
62570c4ff1c5ab6d9d383aba9f25e604768520b4266afd40fdf4734a694c8bc3,0.4062697269350056,0.15384615384615385,0.2,0.17391304347826086,0.0,0.0,0.0,10,13
63d981a107091e1e3059102ce08870744dde173afe324bc2274c17d42f661778,0.5554042605162186,0.8076923076923077,0.65625,0.7241379310344829,0.6153846153846154,0.5,0.5517241379310345,32,26
648636ee314d7bdba3ab2fc0fe49a863de35c3e2caf619039f678df67b526868,0.25696315178564794,0.9285714285714286,0.3023255813953488,0.456140350877193,0.7857142857142857,0.2558139534883721,0.38596491228070184,86,28
64eeef16fdc4e26523d27bfa71a1d38d2cb2e4fa116c0d0ea56b1322f806f0b9,0.508557074083632,0.9850746268656716,0.7333333333333333,0.8407643312101911,0.417910447761194,0.3111111111111111,0.35668789808917195,90,67
65c8527c16a016191118e8adc3d307fe3a73d37cbe05597a95aebd75daf8d051,0.4346077225666478,0.5531914893617021,0.46846846846846846,0.5073170731707317,0.11702127659574468,0.0990990990990991,0.10731707317073172,111,94
66236902b874b7e4b3891db63a69f6d56f6edcec6aca7ba3c6871d73e7b4c34f,0.790060848699092,0.7586206896551724,0.88,0.8148148148148148,0.6551724137931034,0.76,0.7037037037037037,25,29
66612c188d73e931e1863af2c99d2af782c32f65fd97d224abb40bbadb87263f,0.5013583436691438,0.6923076923076923,0.6,0.6428571428571429,0.3076923076923077,0.26666666666666666,0.28571428571428575,15,13
670ebd9d674be236b9bf0b28650ad3f68e1891b06e16a9021fd069ca7ef32b78,0.829052228379046,0.8636363636363636,0.95,0.9047619047619048,0.6818181818181818,0.75,0.7142857142857143,20,22
673baf65ae5c571d6be452eb41e79ef3fc2eb3fd238e621c6b7621763b429989,0.3197052173641042,0.21428571428571427,0.16666666666666666,0.1875,0.0,0.0,0.0,18,14
68f833de9f8c631cedd7031b8ed9b908c42cbbc1e14254722728a8b7d596fd4c,0.08142459591624632,0.6666666666666666,0.0625,0.11428571428571428,0.6666666666666666,0.0625,0.11428571428571428,32,3
693bc64581275f04fc456da74f031d583733360a1f6032fa38b3fbf592ff4352,0.5246471913364086,0.925,0.6491228070175439,0.7628865979381444,0.55,0.38596491228070173,0.4536082474226804,57,40
6aa7dd0c88bec4f96cdd497f9c37779733033d9ec6513307461302d36bd32ac7,0.5377550671598607,0.875,0.7,0.7777777777777777,0.625,0.5,0.5555555555555556,10,8
6ab24e7e1f6c9fdd371c5edae1bbb20abeeb976811f8ab2375880b4483860f4d,0.761185108190819,0.9,0.9,0.9,0.8,0.8,0.8000000000000002,20,20
6af82abb29539000be4696884fc822d3cafcb2105906dc7582c92dccad8948c5,0.43927417331687474,0.5526315789473685,0.4666666666666667,0.5060240963855421,0.13157894736842105,0.1111111111111111,0.12048192771084337,45,38
6b0ac2ab04c09dced54058ec504a4947f8ecd5727dfca7e0b3f69de71d0d31c7,0.8168508769934022,0.9090909090909091,1.0,0.9523809523809523,0.9090909090909091,1.0,0.9523809523809523,10,11
6b61ab2e3ff0e2c7a55fd71e290b51e142555cf82bc7574fc27326735e8acbd1,0.7879853785228957,0.9791666666666666,0.8924050632911392,0.9337748344370861,0.9305555555555556,0.8481012658227848,0.8874172185430463,158,144
6b6d4e6ff52de473a4b6f8bd0f11ae22242d508cc4117ff38ec39cbb88088aaa,0.9122111149332839,1.0,0.9836065573770492,0.9917355371900827,1.0,0.9836065573770492,0.9917355371900827,61,60
6b72b61b80060a9e79a4747f9c5d5af135af9db466681c2d1086f784c7130699,0.8711097750716261,0.9631578947368421,0.9581151832460733,0.9606299212598425,0.9578947368421052,0.9528795811518325,0.9553805774278215,191,190
6bc8cda54f5b66a2a27d962ac219f8075bf7cc43b87ba0c9e776404370429e80,0.7154951580521453,0.8823529411764706,0.8333333333333334,0.8571428571428571,0.7058823529411765,0.6666666666666666,0.6857142857142857,18,17
6bd18a218d25247dc456aed124c066a6397fb93086e860e4d04014bfa9c9555d,0.5336431312206811,0.8048780487804879,0.717391304347826,0.7586206896551724,0.21951219512195122,0.1956521739130435,0.20689655172413796,46,41
6bd330234b763b77796d4804de8e224881c0fc8dd02650fa708b2edfd8c7461f,0.7023793168729001,0.95,0.76,0.8444444444444444,0.9,0.72,0.7999999999999999,25,20
6c67b78e8164801059375ed9a607f61e67a7ae347e92e36a7f20514224541d56,0.39531311858320745,0.589041095890411,0.38738738738738737,0.4673913043478261,0.1506849315068493,0.0990990990990991,0.11956521739130437,111,73
6c85029f850d392791e13f74963391054ff54e508967bbd091ee510e9e58e011,0.5127866733763702,0.7142857142857143,0.625,0.6666666666666666,0.5714285714285714,0.5,0.5333333333333333,8,7
6d327ab4f0e3604fa6e9b8041c7e6db86ab809890d886c691f6e59c9168b7fbe,0.6934343611703062,0.9333333333333333,0.8235294117647058,0.8749999999999999,0.8,0.7058823529411765,0.7500000000000001,17,15
6eefe1f0d9c2d2c2380db3ecd2113a566ace7dfc917687bb5033b4af5b8293aa,0.5108163647472821,0.7586206896551724,0.6666666666666666,0.7096774193548386,0.1724137931034483,0.15151515151515152,0.16129032258064518,33,29
6f8197baf738986a1ec3b6ba92b567863d897a739376b7cec5599ad6cecafdfc,0.896735903243411,1.0,0.95,0.9743589743589743,1.0,0.95,0.9743589743589743,20,19
6fb82031f7fc5f4fa6e0bc2ef3421db19036b5c2cdd2725009ab465d66d61d72,0.41098284199457075,0.6,0.42857142857142855,0.5,0.2,0.14285714285714285,0.16666666666666666,7,5
6fc83b33896f58a4a067d8fdcf51f15d4ae9be05d8c3815d23336f1f2a8c45a1,0.7995363951347746,0.8076923076923077,0.9130434782608695,0.8571428571428572,0.6153846153846154,0.6956521739130435,0.6530612244897959,23,26
6fe2df6de1d962b90146c822bcefc84d0d3d6926fdfbacd3acdc9de830ee5622,0.8646040104018952,0.9255813953488372,0.9660194174757282,0.9453681710213776,0.8744186046511628,0.912621359223301,0.8931116389548693,206,215
700afb1cd830a808e3c6125749612e5d23fd9f9726049a9e0c2061997514e1a7,0.8896359405644425,0.9923664122137404,0.9774436090225563,0.9848484848484848,0.9770992366412213,0.9624060150375939,0.9696969696969696,133,131
70827e40a7155391984e56703c6df3392fb4a94bbd6c7008da6a6ca3244965d9,0.7376147372912507,0.8461538461538461,0.7857142857142857,0.8148148148148148,0.7692307692307693,0.7142857142857143,0.7407407407407408,28,26
708eb41a3fc8f2b6cd1f529cdf38dc4ad5d5f00ad30bdcba92884f37ff78d614,0.5112363411713937,0.7746478873239436,0.5670103092783505,0.6547619047619047,0.4084507042253521,0.29896907216494845,0.3452380952380953,97,71
709e094e39629a9ca21e187f007b331074694e443db40289447c1111f7e267e7,0.8016106593401667,0.9545454545454546,0.9545454545454546,0.9545454545454546,0.8181818181818182,0.8181818181818182,0.8181818181818182,22,22
718751b439c05bdd589f04fcef321a86be3ecb35292a435138e295e05eb2e771,0.60764223822212,0.7966101694915254,0.7704918032786885,0.7833333333333333,0.4915254237288136,0.47540983606557374,0.48333333333333334,61,59
724b6b7044522f6d5ea35b55f8fa71d0a45a28687be2b7cac3149943ab816eec,0.5844179912353484,0.8125,0.7222222222222222,0.7647058823529411,0.625,0.5555555555555556,0.5882352941176471,18,16
72b18a405555ad491721e29454e5cd325055ce81a9e78524b56f2c058a4d2327,0.5251032260325289,0.8333333333333334,0.7142857142857143,0.7692307692307692,0.3333333333333333,0.2857142857142857,0.30769230769230765,7,6
72e8c49dea44787114fd191f9e97e260f961c6e7ae4715bc95cc91db8d91a4e3,0.3252481680523441,0.8571428571428571,0.48,0.6153846153846153,0.21428571428571427,0.12,0.15384615384615383,25,14
74a7785530687a11ecd073e772f90912d9967d02407a192bfab282c35f55ab94,0.2666740179591394,0.2857142857142857,0.25,0.26666666666666666,0.0,0.0,0.0,24,21
75120baa6abcbfe750a4eb223b8c10ae6bc3bebdda7b00d9a78bc2472fa28625,0.31941030641320783,0.18518518518518517,0.15151515151515152,0.16666666666666666,0.037037037037037035,0.030303030303030304,0.03333333333333333,33,27
751f421d322940d6efe3bd570a66ecda16d08a1b90bc32a6d7ae1af89856fd49,0.3756844912905858,0.18518518518518517,0.1724137931034483,0.17857142857142858,0.1111111111111111,0.10344827586206896,0.10714285714285715,29,27
76a372bfd3fad3ea30cb163b560e52607a8281f5b042484c3a0fc6d0aa5a7450,0.24851187137095213,0.16176470588235295,0.1746031746031746,0.16793893129770993,0.14705882352941177,0.15873015873015872,0.15267175572519082,63,68
76c44d1addac92a65f1331f2d93f4e3b130bd4e538a6e5239c3ac1f4c403608a,0.2575772012157964,0.5882352941176471,0.2857142857142857,0.3846153846153846,0.058823529411764705,0.02857142857142857,0.038461538461538464,35,17
76c4f14e35210f87a29e93c46dbb25c8f5dc5c04d1d3134672708bcdfbc7e959,0.6242282162764489,0.88,0.6666666666666666,0.7586206896551725,0.8,0.6060606060606061,0.689655172413793,33,25
76faaed50ed6ea6814ac36199964b86fb09ba7f41a6f213bceaa80d625adc2e1,0.8972657857479193,0.981651376146789,0.963963963963964,0.9727272727272728,0.981651376146789,0.963963963963964,0.9727272727272728,111,109
7773ac91af61ed041701b7c3b649598e3707cf04c0577f464fd31be687f538fe,0.5960587960269924,0.918918918918919,0.7555555555555555,0.8292682926829269,0.7027027027027027,0.5777777777777777,0.6341463414634145,45,37
777f7c4269279951ae05b56e806745e613297d411d048c0bce8964afd7d71a4b,0.6554073729329479,0.8823529411764706,0.6818181818181818,0.7692307692307693,0.8235294117647058,0.6363636363636364,0.717948717948718,44,34
7798ca1ddb3133563e290c36228bc8f8f3c9f224e096f442ef0653856662d121,0.4744117121637522,0.6,0.5454545454545454,0.5714285714285713,0.26666666666666666,0.24242424242424243,0.253968253968254,33,30
77ceeb87f560775ac150b8b9b09684ed3e806d0af6f26cce8f10c5fc280f5df2,0.7208442688917232,0.9655172413793104,0.9333333333333333,0.9491525423728815,0.6896551724137931,0.6666666666666666,0.6779661016949153,30,29
785555c0cbb49dad835635217085287a8cc61c27d26f0e106b70c1dfd05784dc,0.3881469675806645,0.6666666666666666,0.42105263157894735,0.5161290322580646,0.3333333333333333,0.21052631578947367,0.2580645161290323,19,12
7978812d0e2e034ee1f9c141f019705582fcaa290e4a01c6c75a62753285cb23,0.8789651316738604,0.9230769230769231,0.96,0.9411764705882353,0.8461538461538461,0.88,0.8627450980392156,25,26
797945873ca2a95f028671714b71eb3f883efe9dae7fcd3fc0ea1521efb73aaa,0.8593602704026587,0.8333333333333334,0.9090909090909091,0.8695652173913043,0.7916666666666666,0.8636363636363636,0.8260869565217391,22,24
79dfcbc9361edd3a1ffe81a5bdaa22a197ad1341f3fa64b86a646c2607d6b324,0.8896253046881393,1.0,0.9166666666666666,0.9565217391304348,1.0,0.9166666666666666,0.9565217391304348,12,11
79fe419488ba98494e3baa35c6fef9662eda1efe325d0ab0ac002f5383245d96,0.6099322469845955,0.8412698412698413,0.7162162162162162,0.7737226277372262,0.6190476190476191,0.527027027027027,0.5693430656934306,74,63
7aa1aaa5e032a980f434c8ed63efb57ab0d338d6154c47f7bb75afdc89f43c04,0.5479942410738156,0.8225806451612904,0.7727272727272727,0.796875,0.11290322580645161,0.10606060606060606,0.109375,66,62
7aae06bc4558829473071defec0b7ab3bfa9c5005548a13da95596bb6a66d105,0.4547140959267466,0.578125,0.49333333333333335,0.5323741007194245,0.171875,0.14666666666666667,0.15827338129496402,75,64
7ac468eb217b7058d22c1711285d21949b4121bf3fa3217e3e51453666ebecff,0.5516525761466566,0.8333333333333334,0.8333333333333334,0.8333333333333334,0.0,0.0,0.0,6,6
7af09f98ec299ba0658d759eebc4c34e1c98289ea6ce37f233e9f5e4e2fc84f4,0.527166120199518,0.5,0.5,0.5,0.16666666666666666,0.16666666666666666,0.16666666666666666,12,12
7b38c9173ebe69b4c6ba7e703c0c27f39305d9b2910f46405993d2ea7a963b80,0.0,0.0,0.0,0.0,0.0,0.0,0.0,1,85
7b5987a24dd57325e82812371b3f4df7edc528e0526754ba94cf3a1ea4df25d2,0.7349250040240971,0.9545454545454546,0.8571428571428571,0.9032258064516128,0.8863636363636364,0.7959183673469388,0.8387096774193548,49,44
7ba20aa731cc21af74a8d940254176cbad1bdc44f240b550341c6d9c27509daa,0.4296332553171109,0.5714285714285714,0.4444444444444444,0.5,0.21428571428571427,0.16666666666666666,0.1875,18,14
7c0157913223365720209ac83ff2e0b1b2b460173acd615c67646014093a2b97,0.8664871428329641,0.9259259259259259,1.0,0.9615384615384615,0.7777777777777778,0.84,0.8076923076923077,25,27
7c318172e976ae5a962c9c7a4e9fe46d7fb985765ddd3a3e2108e893a90b92b2,0.657648129258694,0.926829268292683,0.7916666666666666,0.8539325842696629,0.6829268292682927,0.5833333333333334,0.6292134831460675,48,41
7d40ea6ead1bec903f26d9046d291aedcb12a584b4d3b337ea252b34c7d86072,0.7240461948074662,0.7272727272727273,0.7619047619047619,0.7441860465116279,0.6818181818181818,0.7142857142857143,0.6976744186046512,21,22
7f2b154541166210f468d89bb0a7184f10e51168a181dbb8b686c14654ffa317,0.7826069538423392,0.98,0.9607843137254902,0.9702970297029702,0.87,0.8529411764705882,0.8613861386138614,102,100
7f34dfccd1bc2e2466ee3d6f74ff05821a0e5404e9cf2c9568da26b59f7afda5,0.5762201286259782,0.9736842105263158,0.6727272727272727,0.7956989247311828,0.9210526315789473,0.6363636363636364,0.7526881720430109,55,38
7f38885521586fc6011bef1314a9fb2aa1e4935bd581b2991e1d963395eab770,0.15640592954870453,0.1506849315068493,0.10891089108910891,0.1264367816091954,0.0821917808219178,0.0594059405940594,0.06896551724137931,101,73
7f4d7b549d0f1a110191e2aded872943d85892bc30667f19fe9de97a5370b08e,0.2817803540254992,0.25,0.2,0.22222222222222224,0.0,0.0,0.0,10,8
7f55678298adb736987d9fb5d1d2daefb08fe5bf4d81b2380bedf9449f79cc38,0.6472365425842239,0.96,0.75,0.8421052631578947,0.82,0.640625,0.7192982456140351,64,50
8055957570d7b38f0acecdb56f3078a963a1a7307ca03fcca62212e0e95e5845,0.8712945615884102,1.0,0.9565217391304348,0.9777777777777777,1.0,0.9565217391304348,0.9777777777777777,23,22
80632d6be60c8462e50d51bcf5caf15308931603095d6b5e772a115cd0d0470c,0.6358055844725155,0.9310344827586207,0.75,0.8307692307692308,0.7931034482758621,0.6388888888888888,0.7076923076923076,36,29
813f41ef376c3cbcc9d6e2ce6a51c2ee068226d1c1b13404eb238dcfdd447c97,0.5158461628846936,0.6923076923076923,0.6428571428571429,0.6666666666666666,0.3076923076923077,0.2857142857142857,0.29629629629629634,14,13
815524d88283ba10ad597b87aa1967671db776df8004a0c4291b67fc2624c22a,0.6283342374531684,0.8888888888888888,0.8275862068965517,0.8571428571428572,0.4074074074074074,0.3793103448275862,0.39285714285714285,29,27
8175a55b711c948fe383bd3b91b6ca1b9e048a5241e0be13aff31ce2674fbe6d,0.4827143865803025,0.7777777777777778,0.6363636363636364,0.7000000000000001,0.3333333333333333,0.2727272727272727,0.3,11,9
81e2dd950e6df28a4fe202a40afa98b202981f65a5ca05b389749290eb87c883,0.6108915547887316,0.75,0.8181818181818182,0.7826086956521738,0.3333333333333333,0.36363636363636365,0.34782608695652173,11,12
831218e6a1a54b23d4be56c5799854e7eb978811b89215319dc138900bd563e6,0.7759758585140633,0.7083333333333334,0.85,0.7727272727272727,0.5833333333333334,0.7,0.6363636363636365,20,24
84e642d75ae6ece8147272418b6fe13d04db8d076fe306c4acedc329fceab564,0.45022779078187614,0.42105263157894735,0.42105263157894735,0.42105263157894735,0.15789473684210525,0.15789473684210525,0.15789473684210525,19,19
84eeec681987753029eb83ea5f3ff7e8b5697783cdb2035f2882d40c9a3f1029,0.11024844720496894,0.0,0.0,0.0,0.0,0.0,0.0,1,1
853a4c67900c411abd04467f7bc7813d3c58a5f565c8b0807e13c6e6dea21344,0.7604254442336358,0.6521739130434783,0.8333333333333334,0.7317073170731708,0.5217391304347826,0.6666666666666666,0.5853658536585366,18,23
866a8cba7bfe1ea73e383d6cf492e53752579140c8b833bb56839a55bf79d855,0.35260088002864337,0.2,0.2,0.20000000000000004,0.0,0.0,0.0,5,5
86f9087eb1d0875ffb1a28cca7645b14d6c66f995c7d96aa13969d2f8115d533,0.9680740413154622,1.0,1.0,1.0,1.0,1.0,1.0,20,20
876423522bdec1602917b94163a21e05fc7b692045219b7bc96cdaf638c33c25,0.9199159901209744,0.9916666666666667,1.0,0.99581589958159,0.9833333333333333,0.9915966386554622,0.9874476987447698,119,120
87ea72894f6534b28e740cc34cf5c9eb75d0d8902687fce5fcc08a92e9f41386,0.6124388829155354,0.5789473684210527,0.7857142857142857,0.6666666666666667,0.42105263157894735,0.5714285714285714,0.48484848484848486,14,19
88678981648b184b23b6c04999f29210cbe351f85b61d2bf99e306fd67a2998a,0.33639322123975113,0.1,0.1,0.10000000000000002,0.0,0.0,0.0,10,10
88d5a03f8ecd459f076a06e0d5035149193bfdd727c30905de19054dcb9018ae,0.33386114205585143,0.8235294117647058,0.3684210526315789,0.509090909090909,0.5294117647058824,0.23684210526315788,0.3272727272727273,38,17
89be66f88612aae541f5843abcd9c015832b5d6c54a28103b3019f7f38df8a6d,0.8767081427640389,0.9473684210526315,0.9473684210526315,0.9473684210526315,0.8947368421052632,0.8947368421052632,0.8947368421052632,19,19
8a26b134fe9343c0c794513dae7787b7ac1debec3bb2a7096ab0b874a31d8175,0.5102923205842637,0.8,0.5517241379310345,0.6530612244897959,0.65,0.4482758620689655,0.5306122448979592,29,20
8a65e41c630d85c0004ce1772ff66fbc87aca34cb165f695255b39343fcfc832,0.22489769698647089,0.25,0.08333333333333333,0.125,0.0,0.0,0.0,12,4
8aa1a883f61f0bb5af3d3d60acaaf33af45ef4fbffaac15ae838bc1ce37b6fbf,0.5265353883307112,0.6666666666666666,0.5714285714285714,0.6153846153846153,0.5,0.42857142857142855,0.4615384615384615,7,6
8b12e18670e4b24d03567d1e17c0c24fadf0ea2c1e763983dd6bb4c44b7376a6,0.6953543074626304,0.8571428571428571,0.8571428571428571,0.8571428571428571,0.7142857142857143,0.7142857142857143,0.7142857142857143,7,7
8b77284d6f37ab3fc826139ebadaec3b9d81c552fe525c3547bbbd6c65ac0d83,0.8015545511890129,1.0,1.0,1.0,1.0,1.0,1.0,7,7
8bef203fce625e4d8c89dca728158be4662dfdfdcd4dc73a6aa39a908c1631bc,0.3258713614832211,0.4,0.3,0.34285714285714286,0.06666666666666667,0.05,0.05714285714285715,20,15
8c3ef7aa7ed29b62a65b1c394d2b4a24aa3da25aebfdf3d29dbfc8ad1b08e95a,0.8838413790362,1.0,0.9487179487179487,0.9736842105263158,1.0,0.9487179487179487,0.9736842105263158,39,37
8cdbdda8b3a64c97409c0160bcfb06eb8e876cedc3691aa63ca16dbafae6f948,0.74850602292202,0.9647058823529412,0.8913043478260869,0.9265536723163841,0.8117647058823529,0.75,0.7796610169491526,92,85
8d05fb18ee0cda107d56735cafa6197a31884e0a5092dc6d41760fb92ae23ab4,0.2889163948513087,0.3563218390804598,0.32978723404255317,0.3425414364640884,0.28735632183908044,0.26595744680851063,0.2762430939226519,94,87
8d29c5a03e0560c8f9338e8eb7bccf47930149c8173f9ba4b9279fb87d86cf6d,0.8848648157957851,1.0,0.9473684210526315,0.972972972972973,1.0,0.9473684210526315,0.972972972972973,38,36
8d9b4205ddb10fa49a2973b4f3a2dc6923407ae015081e1a52c4b4c2fe8faa53,0.4159419001414493,0.375,0.36363636363636365,0.3692307692307692,0.03125,0.030303030303030304,0.03076923076923077,33,32
8de0b1a2e8f614af29fe5fafeaa5bdf55e6b3e65edf36355f19b707f7649ce2b,0.3390286777604565,0.3333333333333333,0.2727272727272727,0.3,0.2222222222222222,0.18181818181818182,0.19999999999999998,11,9
8e507d58f4c27cd2a82bee79fe27b069befd62a46fdaed20970a95a2ba819c7b,0.13576007156879913,0.0,0.0,0.0,0.0,0.0,0.0,6,3
8e8a7a14749d0b2e48de3d10e2e80063f17b165ad921c8afc0623f08500f3259,0.4853083588090691,0.47368421052631576,0.5625,0.5142857142857142,0.2631578947368421,0.3125,0.2857142857142857,16,19
8ecdb93582b2d5270457b36651b62776256ade3aaa2d7432ae65c14f07432d49,0.34744452707400586,0.2,0.16666666666666666,0.1818181818181818,0.0,0.0,0.0,6,5
8efed2e62c919e6d70a2ab548b1a33014877fe8a23f177ef25a9dee25ffe8842,0.7664891546983229,0.9458333333333333,0.8730769230769231,0.9079999999999999,0.8833333333333333,0.8153846153846154,0.848,260,240
8f27ebc74164eddfe989a98a754dcf5a9c85ef599a1321de24bcf097df1814ca,0.2803462723179704,0.2857142857142857,0.3076923076923077,0.29629629629629634,0.14285714285714285,0.15384615384615385,0.14814814814814817,13,14
8f6597cd978c060378177df76e554d0578b97eab471e237dbe0adc0dd0d93d63,0.23276039862559372,1.0,0.3333333333333333,0.5,0.3333333333333333,0.1111111111111111,0.16666666666666666,9,3
8f6e49e474ebb649a1e99662243d51a46cc9ba0c9c8f1efe2e2b662a81b48de1,0.524978157542895,0.796875,0.6891891891891891,0.7391304347826088,0.125,0.10810810810810811,0.11594202898550725,74,64
8f94a80b95a881d0efdec36affc915dca9609f4cba8134c4a91b219d418778aa,0.16021746723434532,0.24489795918367346,0.16,0.1935483870967742,0.20408163265306123,0.13333333333333333,0.16129032258064516,75,49
8fdc34509a0c3721f7b5e235c8a93e1f553343aa17ad103a1e89e3509a3e1570,0.768469320360703,0.9722222222222222,0.9722222222222222,0.9722222222222222,0.8333333333333334,0.8333333333333334,0.8333333333333334,36,36
91cc2e0d4d6e2c1ad59a8d63bcbe3e2ea8bc7f8e642e942a0113450181e73379,0.5454974325477077,0.88,0.6111111111111112,0.7213114754098361,0.8,0.5555555555555556,0.6557377049180328,36,25
92e7e86e765e05ce331c07a6d14f0a696eac7ee40058699243900f40b696d7aa,0.3981529243401052,0.5555555555555556,0.4166666666666667,0.4761904761904762,0.4444444444444444,0.3333333333333333,0.380952380952381,12,9
92f31f591929a30e4309ab75185c96ff4314ce0a7ead2ed2c2171897ad1da0c7,0.52457609156224,0.5555555555555556,0.5,0.5263157894736842,0.3333333333333333,0.3,0.3157894736842105,10,9
930f246a8e4ff273a72a6e4b3cf8e8caff94fca4eaf1dbe6f93ba37b8195c0a0,0.38350480179441276,0.4594594594594595,0.4146341463414634,0.4358974358974359,0.10810810810810811,0.0975609756097561,0.10256410256410257,41,37
93c5638e7e6433b5c9cc87c152bcbe28873d2f9d6a392cca0642520807542a77,0.0,0.0,0.0,0.0,0.0,0.0,0.0,1,0
93cfd412c7de5210bbd262ec3a602cfea65072e9272e9fce9b5339a5b9436eb7,0.07980974917444848,0.0,0.0,0.0,0.0,0.0,0.0,6,1
942d56861fc83e195e9c559a000bb86627d8682f8dcc2300818458e5b6850dd0,0.6730140335714337,0.8867924528301887,0.9215686274509803,0.9038461538461539,0.37735849056603776,0.39215686274509803,0.3846153846153846,51,53
94519eb45cbe1573252623b7ea06a8b43c19c930f5c9b685edb639d0db719ab0,0.5855927915807377,0.9375,0.7377049180327869,0.8256880733944955,0.6666666666666666,0.5245901639344263,0.5871559633027523,61,48
947c0d94c8213ac7aaa41c4efc95d854246550298259cf1bb489654d0e969050,0.37993266046865526,0.4489795918367347,0.34375,0.38938053097345127,0.1836734693877551,0.140625,0.15929203539823011,64,49
94a5a37c3b1153d5c5aef2eca53c960b9f21f2ef1758209d7ec502ec324b03a3,0.4236241447323896,0.6666666666666666,0.5,0.5714285714285715,0.3333333333333333,0.25,0.28571428571428575,8,6
9520aff4efe87bd8f3901652fa2dde9b4bc9c679325966145ce00c1ca33f35de,0.7424963962526483,0.9302325581395349,0.9090909090909091,0.9195402298850575,0.7906976744186046,0.7727272727272727,0.7816091954022988,44,43
953211bcc0192e2298087d30e708dba68def9e0c13a3ff3326a18b0962c63adc,0.5981096269984274,0.7857142857142857,0.7857142857142857,0.7857142857142857,0.42857142857142855,0.42857142857142855,0.42857142857142855,14,14
958114e5f37d5e1420b410bd716753b3e874b175f2b6958ebf1ec2bdf776e41f,0.910953922849229,0.9863013698630136,0.9795918367346939,0.9829351535836177,0.9726027397260274,0.9659863945578231,0.9692832764505118,147,146
9586e48a9a4353f11898a6a4b7475a91574e8af82e99c4b7a5e1f1b18f345f7a,0.4646645704981543,0.9682539682539683,0.6161616161616161,0.7530864197530865,0.6031746031746031,0.3838383838383838,0.46913580246913583,99,63
9620c33d8ef2772dbc5bd152429f507bd7fafb27e12109003292b671e556b089,0.8081219484159623,0.9876543209876543,0.9523809523809523,0.9696969696969696,0.9382716049382716,0.9047619047619048,0.9212121212121211,168,162
97126a9791f0c1176e4563ad679a301dac27c59011f579e808bbd6e9f4cd1034,0.7861078302404667,0.7083333333333334,0.85,0.7727272727272727,0.625,0.75,0.6818181818181818,20,24
97158b2fe38783d88d4e44ba1b7bc6c84f225f8b35fcccc2f9265c65f14e7c8b,0.35972715608930733,0.5,0.3333333333333333,0.4,0.4,0.26666666666666666,0.32,15,10
9774c82396327929fea05e40ae153cabf0107178b2ae3e40a5709b409793887e,0.17236372585209794,0.4,0.14285714285714285,0.21052631578947364,0.4,0.14285714285714285,0.21052631578947364,14,5
98a463483fe3a56deacc8bc00ab8aa62668bd40ad0c70bbe7deb10d3e4aeb0c0,0.9124263626194496,0.952755905511811,0.968,0.9603174603174602,0.937007874015748,0.952,0.9444444444444443,125,127
98c5ead89cd066637efd5c93a6edc55c85908eb66807471f0d246d5457341f9c,0.6658782385829046,0.8275862068965517,0.8571428571428571,0.8421052631578947,0.5172413793103449,0.5357142857142857,0.5263157894736843,28,29
9a71a416f98971aa14f63ef91242654cc9191a1414ce8bbd38066fe94559aa4f,0.29938065517748846,0.1111111111111111,0.1,0.10526315789473685,0.0,0.0,0.0,10,9
9b25b8ffd5f52b6c3d235a42d51d380503d1f80b61ef0f62eeb696f5977c38e6,0.5142775861398713,0.875,0.7,0.7777777777777777,0.25,0.2,0.22222222222222224,10,8
9bb6e39d5f4415bc7554842ee5d1280403a602f2ba56122b87f453a62d37c06e,0.5686032413125662,0.8712871287128713,0.6666666666666666,0.7553648068669527,0.6336633663366337,0.48484848484848486,0.5493562231759657,132,101
9bf9f3dcadeb152a9a26b23e2fb199dcf9b2b17660b1646326f5b10cbf51eaee,0.305765481802101,0.41025641025641024,0.2711864406779661,0.32653061224489793,0.10256410256410256,0.06779661016949153,0.08163265306122448,59,39
9c95eae11da041189e84cda20bdfb75716a6594684de4b6ce12a9aaadbb874c9,0.16019798851272188,0.8,0.2,0.32000000000000006,0.2,0.05,0.08000000000000002,20,5
9cbc0700317361236a9fca2eb1f8f79e3a7da17b1970c179cf453921a6136001,0.0,0.0,0.0,0.0,0.0,0.0,0.0,7,0
9cdac2870cfe65b6cb61bd151020068a3b427118a27343767b07ea39483fee32,0.6066174297127793,0.8536585365853658,0.7954545454545454,0.8235294117647058,0.2926829268292683,0.2727272727272727,0.28235294117647053,44,41
9d429167633b4d9d7f41544a461975cf8e688a3affa6a8916799202874809f2a,0.46152763971014227,0.75,0.6,0.6666666666666665,0.125,0.1,0.11111111111111112,10,8
9e4f8ec60a0d622a02c0e16eedcc0101f88ddefbcec2383946c4572b57a1e43a,0.2495544153881402,0.8181818181818182,0.33962264150943394,0.48,0.22727272727272727,0.09433962264150944,0.13333333333333336,53,22
9ebcfaf2322932d464f15b5662cae4d669b2d785b8299556d73fffcae8365d32,0.8177704566001188,0.95,0.9827586206896551,0.9661016949152542,0.9,0.9310344827586207,0.9152542372881356,58,60
9f073db4acd7e634fd578af50d4e77218742f63a4d423a99808d6fd7cb0d3cdb,0.6431685166650809,0.9285714285714286,0.7222222222222222,0.8125000000000001,0.8571428571428571,0.6666666666666666,0.75,18,14
9facc652efe19f634639585d692a53dd6c2a8e2f0c9baebdfd85b9b41ec58851,0.7528912611904238,0.9047619047619048,0.8260869565217391,0.8636363636363636,0.8095238095238095,0.7391304347826086,0.7727272727272727,23,21
9fb32aba1c2fd53273dca9abefac944ba747f578da82dfaa1249f332a2324944,0.5279550296500297,0.7571428571428571,0.5955056179775281,0.6666666666666667,0.38571428571428573,0.30337078651685395,0.339622641509434,89,70
a022908f1b7880838dbc0411e50828e64b4f5e0263afdf04295e30bb2ff58005,0.4768931949163589,0.6470588235294118,0.5238095238095238,0.5789473684210527,0.23529411764705882,0.19047619047619047,0.21052631578947367,42,34
a02ec007ae8feddb758078b1dfb8010c26886fd3c8babdc308ead8b4a63acbdb,0.7558774153672623,0.9384615384615385,0.8591549295774648,0.8970588235294118,0.8769230769230769,0.8028169014084507,0.8382352941176471,71,65
a0325cb7aa59e9c0a75e64ba26855d8032c46161aa4bca0c01bac5e4a836485e,0.5356876991342625,0.7,0.5384615384615384,0.608695652173913,0.4666666666666667,0.358974358974359,0.40579710144927544,39,30
a08166d91d2cca263d2dd52764dc25c9c582b7a5ece2b802749fa4be33187c49,0.3290542300725279,0.42857142857142855,0.2727272727272727,0.33333333333333326,0.07142857142857142,0.045454545454545456,0.05555555555555555,22,14
a0afead3b4fe393f6a6159de040ecb2e66f8a89090abf0d0bf5b8e1d38ae667c,0.7088424736883692,0.75,0.8333333333333334,0.7894736842105262,0.6,0.6666666666666666,0.631578947368421,18,20
a0de55384fada5cbc46bd7a41f6feeef93b67d088497c7316079ccec39c2a834,0.31080405046505233,0.6944444444444444,0.36764705882352944,0.48076923076923084,0.3055555555555556,0.16176470588235295,0.21153846153846156,68,36
a101a00fea63f0c43abe5323f4f890bec881eb0caa3bc8498991ff5fd207ed91,0.31561662584782274,0.5555555555555556,0.2777777777777778,0.3703703703703704,0.2222222222222222,0.1111111111111111,0.14814814814814814,18,9
a102535b0e88374bea4a1cfd9ee7cb3822ff54f4ab2a9845d428ec22f9ee2288,0.24953464675919731,0.5168539325842697,0.24533333333333332,0.33273056057866185,0.056179775280898875,0.02666666666666667,0.03616636528028933,375,178
a1777737270c5f96c4523dff76e4097756f8f7d4c9d59bac079e31f9510deabd,0.7758984795861912,0.92,0.8846153846153846,0.9019607843137256,0.84,0.8076923076923077,0.8235294117647058,26,25
a1f50f101bc471e2d6967ebdb8ba81150588609e769f3b960f0801e4da5fdc6f,0.5773085251487414,0.8571428571428571,0.8571428571428571,0.8571428571428571,0.14285714285714285,0.14285714285714285,0.14285714285714285,7,7
a22b7882fa85b9f0fcef659a7b82bfcddf01710f9a7617a9e036e84ac6901841,0.6127235994247515,0.9565217391304348,0.7096774193548387,0.8148148148148149,0.9130434782608695,0.6774193548387096,0.7777777777777777,31,23
a246bcaa64af48ee5ca181cd594c0fc43466e7614406eb8bc01199a16ebc95d0,0.68521166609838,0.9722222222222222,0.7954545454545454,0.875,0.8055555555555556,0.6590909090909091,0.7250000000000001,44,36
a31deaf0ac279d5f34fb2eca80cc2abce6ef30bd64e7aca40efe4b2ba8e9ad3d,0.640103504316363,0.8205128205128205,0.735632183908046,0.7757575757575758,0.6666666666666666,0.5977011494252874,0.6303030303030304,87,78
a3a1b8f9794ef589b71faa9f35fd97ad6761c4488718fbcf766e95e31afa8606,0.3541872855486803,0.5454545454545454,0.375,0.4444444444444444,0.09090909090909091,0.0625,0.07407407407407407,16,11
a3a65623e079af7988b0c1cf1e54041003c6d730c91ecf200b71c47b93a67ed6,0.23266888062245228,1.0,0.3333333333333333,0.5,0.6,0.2,0.3,15,5
a486f6ed4b8781e7883e433d06a83dd66db3e8b36d45b9976c4214820ee22629,0.913044632843139,1.0,0.9811320754716981,0.9904761904761905,1.0,0.9811320754716981,0.9904761904761905,53,52
a4c44fc5f5bf213e2be6091ccaed49d8bf039d78f6fbd9c4d7b7428cfcb2eda4,0.660418089365952,0.8285714285714286,0.7837837837837838,0.8055555555555555,0.5714285714285714,0.5405405405405406,0.5555555555555556,37,35
a4c729efb5059893a8b62c7abeba171cb516836f8a20468f6b176dfe2f6f84d1,0.3215349802534087,0.6666666666666666,0.4,0.5,0.0,0.0,0.0,10,6
a5e695fce80dc03efb6665a9ec14500ab47f4ee9f6437531388dd3cc32c90db1,0.7420540200628827,0.9591836734693877,0.9591836734693877,0.9591836734693877,0.7142857142857143,0.7142857142857143,0.7142857142857143,49,49
a5fe0b7412dd152c41f7afc34ffdf276d4261b6942fa6d36803648e90f2cfc06,0.765033134289251,1.0,0.9333333333333333,0.9655172413793104,0.7857142857142857,0.7333333333333333,0.7586206896551724,30,28
a6001531274f9ad16e0ced40380f9667b9149558dea7053f7a7db18f5cd028c0,0.7189926221294906,0.9,0.9,0.9,0.7,0.7,0.7,10,10
a6515d73077866808ad4cb837ecdac33612527b8a1041e82135e40fce2bb9380,0.4992159650148668,0.6666666666666666,0.5333333333333333,0.5925925925925926,0.25,0.2,0.22222222222222224,15,12
a6593632dcbbe4c9e9429a9cec573d26fd8c91a47d554d315f25e7c2e0280ee3,0.33821266906995884,0.2222222222222222,0.2,0.2105263157894737,0.0,0.0,0.0,10,9
a65bbfc5673e8053b6ce49f39c79cf3a846fe5cc46dd93105f74fb07cf44606d,0.8696279747567789,0.9545454545454546,0.9402985074626866,0.9473684210526316,0.9242424242424242,0.9104477611940298,0.9172932330827067,134,132
a6e81120d1cb9f71f8a25f90a5d56c4b714a642fc496a705e38921fd90a3f69c,0.49900912060513325,0.9444444444444444,0.5666666666666667,0.7083333333333334,0.7777777777777778,0.4666666666666667,0.5833333333333334,30,18
a7a581e6760df4701941670e73d72533e3b0fbd7563488ad92772b41f7709710,0.8988321991438742,0.976,0.9838709677419355,0.9799196787148594,0.968,0.9758064516129032,0.9718875502008033,124,125
a7f6194ddbeaefb1da571226a97785d09ccafc5893ce3c77078d2040bccfcb77,0.6360223314938946,0.88,0.7951807228915663,0.8354430379746836,0.6,0.5421686746987951,0.569620253164557,83,75
a7f767ca9770b160f234780e172aeb35a50830ba10dc49c526f4712451abe1d2,0.45509162813174436,0.7,0.6363636363636364,0.6666666666666666,0.2,0.18181818181818182,0.1904761904761905,11,10
a815a986800a95de0957116c6585deea8ffb6ee09ad00ccc687306937ac698d0,0.2707671826834006,0.4444444444444444,0.19047619047619047,0.26666666666666666,0.1111111111111111,0.047619047619047616,0.06666666666666667,21,9
a891bbc89143bca7a717386144eb061ec2d599cba24681389bcb3a2fedb8ff8c,0.9083234893953575,0.9620253164556962,0.9806451612903225,0.9712460063897763,0.9430379746835443,0.9612903225806452,0.952076677316294,155,158
a90401357d50e1376354ae6e5f56a2e4dff3fdb5a4e8d50316673b2b8f1f293b,0.6022711264541347,0.8823529411764706,0.75,0.8108108108108107,0.5294117647058824,0.45,0.48648648648648646,20,17
a90cad45551d62c5cfa89517df8eb5e8f2f87f1a6e6678e606907afcbad91731,0.7919288450740565,0.984251968503937,0.8928571428571429,0.9363295880149813,0.952755905511811,0.8642857142857143,0.9063670411985018,140,127
a9d884ba0929dac87c2052ce5b15034163685317d7cff45c40b0f7bd9bd4d9e7,0.6616784651033945,0.9508196721311475,0.8923076923076924,0.9206349206349206,0.5573770491803278,0.5230769230769231,0.5396825396825397,65,61
aa47f0b303b1d525b52452ae3a8553b2d61d719a28aee547e2ef1fc6730a078f,0.5393672065645655,0.95,0.6129032258064516,0.7450980392156863,0.9,0.5806451612903226,0.7058823529411764,31,20
aa4d989d262c618ac2793579e200cc71b3767f84698ae5f669867f23cdfe2568,0.556799721098421,0.8571428571428571,0.75,0.7999999999999999,0.2857142857142857,0.25,0.26666666666666666,8,7
aa58ba4512955771b4f9b459cb4e6a8adb71d11cd6cae662ec2df31d688a5fe0,0.5887967543053171,0.7058823529411765,0.6792452830188679,0.6923076923076923,0.45098039215686275,0.4339622641509434,0.4423076923076923,53,51
aa83f5b4fca02ae43a6b9456ab42707b0beabc6e7c5c4e66c0d2572fb80f3615,0.5666713047112644,0.8571428571428571,0.75,0.7999999999999999,0.14285714285714285,0.125,0.13333333333333333,8,7
aaa52100fafaa50877e777229cdf6cde7c422f145ff6719449b80631d9a3b0f6,0.8708376128997847,0.9782608695652174,0.9574468085106383,0.967741935483871,0.9565217391304348,0.9361702127659575,0.9462365591397849,141,138
abbfff07379bceb69dba41dad8b0db5eb80cc8baf3d4af87b7ee20b0dac32215,0.7041179891941092,1.0,0.8648648648648649,0.927536231884058,0.84375,0.7297297297297297,0.7826086956521738,37,32
abc781c8721fe04b877a7e324494eb75aa5bce94950a0e4e4d7d6ffc9e74da62,0.565603741579344,1.0,0.7272727272727273,0.8421052631578948,1.0,0.7272727272727273,0.8421052631578948,11,8
abd8dde78f8d37b68b28da67459371ed65f0a575523e94bc4ecbc88e6fedf0d0,0.5495865884049239,0.7857142857142857,0.7857142857142857,0.7857142857142857,0.2857142857142857,0.2857142857142857,0.2857142857142857,14,14
ac782d2cad7f515ce7276926209820e386248e3d619b2df81e22d5e3c160b7cb,0.754958668024038,0.8695652173913043,0.8,0.8333333333333333,0.7391304347826086,0.68,0.7083333333333334,25,23
ac8169a0debed11560f3f0e246c05ea82d03c66346f1576cc8268554cb3f549f,0.7394528319967874,0.72,0.782608695652174,0.7499999999999999,0.64,0.6956521739130435,0.6666666666666666,23,25
ad473063dab4bf4f2461d9a99a9c0166d4871f156516d9e0a523484e7cf2258d,0.37922913181860585,0.5344827586206896,0.36904761904761907,0.43661971830985913,0.10344827586206896,0.07142857142857142,0.08450704225352113,84,58
ad9d305cbf193d4250743ead466bdaefe910835d7e352c544e22320e8336f5c1,0.7552947602670921,1.0,0.9117647058823529,0.9538461538461539,0.8709677419354839,0.7941176470588235,0.8307692307692308,34,31
adc315bd40d699fd4e4effbcce81cd7162851007f485d754ad3b0472f73a86df,0.8349052536734838,0.3333333333333333,1.0,0.5,0.26666666666666666,0.8,0.4,5,15
ae570a676961482848b5097038ef5e407df7a66a8e1c9b0567da599565a6b142,0.49211158868634924,0.75,0.56,0.6412213740458016,0.3392857142857143,0.25333333333333335,0.29007633587786263,75,56
ae9f76b5360df3f60f3cdd389652b96e823080bb830dd8c79e7f1e597d51bc1c,0.23716212801419045,0.6896551724137931,0.273972602739726,0.39215686274509803,0.20689655172413793,0.0821917808219178,0.11764705882352941,73,29
af576e8ec3a8d0b57eb6a311299e9e4fd2047970d3dd9d6f52e54ea6a91109da,0.13717805151175813,0.0,0.0,0.0,0.0,0.0,0.0,2,2
af6b6173c59450bc76b2cc461cf233921fbfdb6feb8dd6da03a0d44193221fd0,0.45461506044458605,0.8695652173913043,0.5405405405405406,0.6666666666666666,0.6956521739130435,0.43243243243243246,0.5333333333333333,37,23
af8621ef0db8c26b0bce6385bd5609b584bfd678fcf7a234b8a15e6bb05c15ac,0.33343517765862657,0.15,0.13636363636363635,0.14285714285714282,0.05,0.045454545454545456,0.04761904761904762,22,20
afa272dc01825d4b929b3bfc79a10f68dd3c163c450d858b964d1ce0bc93e131,0.9676281498442266,1.0,1.0,1.0,1.0,1.0,1.0,10,10
b0d6dfcc95e4d087d232378f860fc3ef9f95ea5a4c26d623a0be091f820a793f,0.4063446193026233,0.5263157894736842,0.45454545454545453,0.4878048780487805,0.05263157894736842,0.045454545454545456,0.04878048780487805,22,19
b0defa611b75645c0283464ee4163917bad382d335b61e8509f065bf371fa15f,0.7080459663936448,1.0,0.782608695652174,0.878048780487805,1.0,0.782608695652174,0.878048780487805,23,18
b0e35e06b85da49bfe3ea737711a72b551a6add446e30eabb01aa683a79873c5,0.6912864098586404,0.8666666666666667,0.8666666666666667,0.8666666666666667,0.7333333333333333,0.7333333333333333,0.7333333333333333,15,15
b1a239838c7dbb34ffea851ad537899f24da62f4e3f3fd6d835ff7b922f27313,0.7770875611420046,0.9615384615384616,0.8620689655172413,0.9090909090909091,0.9230769230769231,0.8275862068965517,0.8727272727272727,29,26
b1e3aeb0c56261c17eb71c747d116057b8da7e8c8a6845bdc01b2b3ee2299229,0.4080369555943754,0.7857142857142857,0.5,0.6111111111111112,0.2857142857142857,0.18181818181818182,0.2222222222222222,22,14
b1eb0123fe2d8c825694b193efb7b923d95effac9558ee4eaf3116374c2c94fe,0.6391577106378056,0.6923076923076923,0.75,0.7199999999999999,0.6153846153846154,0.6666666666666666,0.64,12,13
b1f23c4d27afed8af7b6b64793a3760bfea31b65f582d48aaa62d2b988ef2eac,0.9064579555236404,1.0,0.9761904761904762,0.9879518072289156,0.983739837398374,0.9603174603174603,0.9718875502008032,126,123
b214800de5ed4cc558f44d569495970f93c8c047f8e464c51d4bd5c276118423,0.6397419197843629,0.9433962264150944,0.78125,0.8547008547008547,0.7735849056603774,0.640625,0.7008547008547009,64,53
b24ea5c268469a95ed155eeaf809e36030b78a2eb530a0cb2380cdc1ccdb7dd1,0.8488831265059055,1.0,0.9,0.9473684210526316,0.9555555555555556,0.86,0.9052631578947369,50,45
b2c23ddb04531158da6a0abcaca78fec0ae5c6f64f60166e4f36f4a161efd76f,0.4217249879084459,0.6666666666666666,0.6,0.631578947368421,0.0,0.0,0.0,10,9
b2c5d8653c621207e97b699e5c4c05d13df4f02d9db3e594b1f0c22e5b746aae,0.3963264437544965,0.38095238095238093,0.3333333333333333,0.35555555555555557,0.047619047619047616,0.041666666666666664,0.044444444444444446,24,21
b3a9f4c9035a0df7e033b18c63bfb0f0d87ff5a4d9aa8bdf417159bb733abb80,0.3023144095508396,0.4,0.3333333333333333,0.3636363636363636,0.0,0.0,0.0,6,5
b3b1626f8ad156acb2963d1faa6a368f9378a266c3b90d9321087fdc5b3032b4,0.7707158714997949,0.8888888888888888,0.8888888888888888,0.8888888888888888,0.7777777777777778,0.7777777777777778,0.7777777777777778,27,27
b3bfd873fca7ff9b2e90f507dfdbe165bb8c153399b6ba5829aa59bae677a91d,0.264243429489398,0.2222222222222222,0.25,0.23529411764705882,0.0,0.0,0.0,8,9
b4d902d42c93dea77b541456f8d905f35eeb24fc3a5b0b15b5678d78e0aabe0c,0.30986176085518435,0.15384615384615385,0.11764705882352941,0.13333333333333333,0.07692307692307693,0.058823529411764705,0.06666666666666667,17,13
b4de1e3eec159d8af1bd5447696f8996c31709edaf33e26ba9613816705847db,0.7772029943864806,0.84,0.84,0.8399999999999999,0.76,0.76,0.76,25,25
b560dba92fbf2af785739efced50d5866c86dc4dada9be3832138bef4c3524d2,0.15514017063926624,1.0,0.21739130434782608,0.3571428571428571,0.6,0.13043478260869565,0.21428571428571427,23,5
b61d3fb0d0ebbee018346e0adeff9e9178f33aa95262779b3c196f93b4ace895,0.7569421943209313,0.9668874172185431,0.8588235294117647,0.909657320872274,0.9403973509933775,0.8352941176470589,0.8847352024922119,170,151
b67a6e5da8b1cfa5319d94a7d3f8b706725753346c37a4636bf7382e98b3c5df,0.662181835616713,0.9,0.8181818181818182,0.8571428571428572,0.5,0.45454545454545453,0.47619047619047616,11,10
b6c9b58de0388891221b8f7a83cbf0b8f8379b51b5c9a127bf43a4fc49f1cc48,0.8437258672525635,1.0,0.8888888888888888,0.9411764705882353,1.0,0.8888888888888888,0.9411764705882353,18,16
b6d50fa22380ae3a7e8c52c5bc44a254e7b2596fd8927980dbe2c160cb5689b5,0.5446027918917185,0.9285714285714286,0.8125,0.8666666666666666,0.42857142857142855,0.375,0.39999999999999997,16,14
b6edad733399c83c8eb7a59c0d37b54e10cc0d59894e39ff843884d84f61dee1,0.7436704652744485,0.8695652173913043,0.8,0.8333333333333333,0.8260869565217391,0.76,0.7916666666666667,25,23
b76ff33ae9da28f9cd8bdce465d45f1eca399db3ffa83847535708e0d511fe38,0.9394252460527511,1.0,1.0,1.0,1.0,1.0,1.0,90,90
b7a86f4968071e0f963fa87ef314fdd1b6c73a66355431cc53a37e193ba6be9b,0.2953898585245143,0.25,0.2222222222222222,0.23529411764705882,0.0,0.0,0.0,9,8
b82548ab19466b461614e6055aaf49fbc24c03a2d20e65575b680c7c28268807,0.5652913859912778,0.9375,0.8108108108108109,0.8695652173913043,0.375,0.32432432432432434,0.34782608695652173,37,32
b8fdc02d915206bb2564e1f7da962f2b9d9d491b11afa00a76622b7932366480,0.6991847209173477,0.9523809523809523,0.9523809523809523,0.9523809523809523,0.5238095238095238,0.5238095238095238,0.5238095238095238,21,21
b909aa8f6f4bec37c3fb6ff5a85d166162d07983506fcc57be742b0f9dbafbf7,0.4901409444896131,0.6,0.6666666666666666,0.631578947368421,0.3,0.3333333333333333,0.3157894736842105,9,10
b98681c74842c4058bd2f88b06063731c26a90da083b1ef348e0ec734c58752b,0.8228705453738996,1.0,1.0,1.0,1.0,1.0,1.0,5,5
ba3997edd3fcb2f823ecdf870d2b607f08bff848f72a5cf72340bae5aca7c5ce,0.6160348711837215,0.8095238095238095,0.7906976744186046,0.8,0.40476190476190477,0.3953488372093023,0.4,43,42
bb481eae02085bbae08742f702b9ab7d8b2ff9df2fbefeee9fac51f7c77dd01f,0.5853847737496018,0.75,0.6923076923076923,0.7199999999999999,0.4166666666666667,0.38461538461538464,0.4,26,24
bb61fc17daf8bdd4e16fdcf50137a8d7762bec486ede9249d92e511fcb693676,0.6441157838934576,0.9,0.7297297297297297,0.8059701492537312,0.8666666666666667,0.7027027027027027,0.7761194029850748,37,30
bb8ebf465c968a5f6f715de5d9e2e664afd1bcaa533e0e3352ecea1cc5b6fb0d,0.8988318816588843,1.0,0.9716981132075472,0.985645933014354,1.0,0.9716981132075472,0.985645933014354,106,103
bbce7ebc40323a0eff6574d0c3842f50f907f55fbfb46c777f0ed9a49e98ff9b,0.5626512959572706,0.7142857142857143,0.5555555555555556,0.6250000000000001,0.7142857142857143,0.5555555555555556,0.6250000000000001,27,21
bbfc4aab5645637680fa0ef00925eea733b93099f1944c0aea09b78af1d4eef2,0.6921537218768211,1.0,0.8333333333333334,0.9090909090909091,0.9,0.75,0.8181818181818182,12,10
bc115ff727e997a88f7cfe4ce817745731a6c753cb9fab6a36e7e66b415a1d3d,0.7430137846021335,1.0,0.8636363636363636,0.9268292682926829,0.9473684210526315,0.8181818181818182,0.8780487804878049,22,19
bde3727f3a9e8b2b58f383ebc762b2157eb50cdbff23e69b025418b43967556b,0.926890127931641,1.0,0.9811320754716981,0.9904761904761905,1.0,0.9811320754716981,0.9904761904761905,106,104
be1916d0e5592c17f971315b5de720ef6894173087399daed94a52ef109c1572,0.08771377087962502,0.0,0.0,0.0,0.0,0.0,0.0,8,1
be26966900aa0e5b41d5a8ecafe04281b37deb05c5cd027968d7b74143398174,0.20085711020935687,1.0,0.2727272727272727,0.42857142857142855,0.6666666666666666,0.18181818181818182,0.28571428571428575,33,9
be771d6831e3f8f1af4696bc08a582f163735db5baf9906e4729acc6a05e1187,0.6779695356356621,0.8571428571428571,1.0,0.923076923076923,0.38095238095238093,0.4444444444444444,0.41025641025641024,18,21
bf4a61bb81589c9a67e3343408befd3e135af5e88b50c17f998f2131d24bc271,0.24393358876117496,0.5,0.3333333333333333,0.4,0.5,0.3333333333333333,0.4,3,2
bf566e75d5cb0196de4139573f8bbbda0fa38d5048edf7267fe8793dcc094a66,0.3465912923093821,1.0,0.45454545454545453,0.625,0.6,0.2727272727272727,0.37499999999999994,44,20
bf7691b0a79811fa068b7408cbce636a73f01ef9e971a95da1a2d96df73782b6,0.38671552566554207,0.875,0.4861111111111111,0.625,0.55,0.3055555555555556,0.39285714285714285,72,40
bfe8ef193a68a0a86a5e4ae1ddc27bda3f9ffe170494395be4030ba72737c565,0.6027230384819349,0.967741935483871,0.8108108108108109,0.8823529411764706,0.5483870967741935,0.4594594594594595,0.5,37,31
bff985591dd5d6303018a6e9a3dcfb336771a414ad4605c24ce1c1155fc86a96,0.20885276627401916,0.8,0.23529411764705882,0.3636363636363636,0.8,0.23529411764705882,0.3636363636363636,17,5
c00ae67f72816daee468474026e30705003b2d3501f123579a4f0a6366b66aa1,0.7311243075581482,0.9565217391304348,0.9166666666666666,0.9361702127659574,0.6956521739130435,0.6666666666666666,0.6808510638297872,24,23
c0152b1a260e71f9823d17f4fbb4bf7020d5dce62b4a12b3099c1c8e52a1c43a,0.6157952207799762,0.9090909090909091,0.8,0.8510638297872342,0.5454545454545454,0.48,0.5106382978723404,25,22
c043d5ac9dd466052e53491d0d513b0684f493d320b820f6dc2e05330ce58ec3,0.4221645992102881,0.6363636363636364,0.5384615384615384,0.5833333333333334,0.18181818181818182,0.15384615384615385,0.16666666666666669,13,11
c04fa1a74a980d790ba6f3e595fd9851f14370bb71c7cbb7846c33ca9d72687f,0.4626402235462526,0.9032258064516129,0.5,0.6436781609195402,0.8064516129032258,0.44642857142857145,0.5747126436781609,56,31
c0c4a829c8d33d16a02f5dc0411597329f4b4d726ed6a22b5530cf6c8e106c4e,0.3038417094530581,0.8571428571428571,0.4,0.5454545454545455,0.42857142857142855,0.2,0.27272727272727276,15,7
c0f172831b8017c769ff0e80f85b096ac939e79de3d524e0826fbb95221365da,0.5831896708311521,0.7777777777777778,0.711864406779661,0.7433628318584071,0.42592592592592593,0.3898305084745763,0.40707964601769914,59,54
c15c652c08153fb781a5349123ab8f80bb2a8680a41eb8e89e547ae01b7a5441,0.9529342271857008,1.0,1.0,1.0,1.0,1.0,1.0,4,4
c169a7782a69ea2f38f64d2739de189e88adbcfd4a829721def8c89ecabe8b71,0.8624582225943829,0.9523809523809523,0.9090909090909091,0.9302325581395349,0.9523809523809523,0.9090909090909091,0.9302325581395349,22,21
c1afe66cd139f996fd984f5f2622903730ec2f1192d90608154f07f7ef6cdb4b,0.7543277301063197,0.8,0.9230769230769231,0.8571428571428571,0.7333333333333333,0.8461538461538461,0.7857142857142856,13,15
c2a646a819f59a4e816e0ee8ea00ba10d5de9ac20b5a435c41192637790dabee,0.3658855815761191,0.8421052631578947,0.5,0.6274509803921569,0.23684210526315788,0.140625,0.17647058823529413,64,38
c304a1fdf3bca2f4b4580d2cac59942e2224a7678001bf5ed9d9852f57708932,0.7734310354856444,0.9294605809128631,0.8853754940711462,0.9068825910931174,0.8630705394190872,0.8221343873517787,0.8421052631578947,253,241
c322c72b9d411e631580fee9312885088b4bb14ed297aa4b246ec943533b3ffb,0.5080766292310261,1.0,0.6363636363636364,0.7777777777777778,0.8571428571428571,0.5454545454545454,0.6666666666666665,11,7
c35e6e3ea39a718e1b7aff66e4cc678efd662f9b5336b74d69c1d6bca7aaf288,0.2817340917335355,0.20588235294117646,0.1794871794871795,0.19178082191780824,0.029411764705882353,0.02564102564102564,0.0273972602739726,39,34
c395870ad9f5a3ae651b50efab9b20c3e6b9aea15d4c731eb34c0cf9e3800a72,0.31238527163593577,0.5555555555555556,0.3508771929824561,0.4301075268817204,0.5277777777777778,0.3333333333333333,0.4086021505376344,114,72
c3bec1066aae20f48b82975e7e8b684cd67635a8baf211e4d9e3e13bc54c5d06,0.681168882332544,0.9375,0.7894736842105263,0.8571428571428572,0.796875,0.6710526315789473,0.7285714285714285,76,64
c44ed955eb2e5c8d820b01477e122b32eff6dd475343e11229c33d8af3473b22,0.8688264690000578,0.944,0.959349593495935,0.9516129032258064,0.928,0.943089430894309,0.9354838709677419,123,125
c53326fe49fc26b7fe602b9d8c0c2da2cb157690b44c2b9351a93f8d9bd8043d,0.024718752200662157,0.6666666666666666,0.019801980198019802,0.038461538461538464,0.6666666666666666,0.019801980198019802,0.038461538461538464,101,3
c620631271a56407d6d69fa1a69451ca99c50dcc30e29db04cf6fb7cacbde8cb,0.3243457794645395,0.4444444444444444,0.36363636363636365,0.39999999999999997,0.2222222222222222,0.18181818181818182,0.19999999999999998,11,9
c6216cdc42f61bc345434986db42e2ef9b9741aee3210b7a808e952e319d2305,0.10491647803205549,0.6666666666666666,0.125,0.21052631578947367,0.3333333333333333,0.0625,0.10526315789473684,32,6
c6de542205b891eed5c40e6d8ae3d03a6ca39b26dc445b4dbc64340d4d64dd2d,0.3302158491299604,0.3333333333333333,0.2,0.25,0.3333333333333333,0.2,0.25,5,3
c75139ef0546d2240b37afb3219eb74a06b7977818697d5c3138796472483af3,0.30244506005301164,1.0,0.42696629213483145,0.5984251968503937,0.4473684210526316,0.19101123595505617,0.2677165354330709,89,38
c7d546766518703580f63d5d8f11d54971044753f53c0b257d19c2f99d4bfdd0,0.6254749055601465,0.9761904761904762,0.7884615384615384,0.8723404255319148,0.7619047619047619,0.6153846153846154,0.6808510638297872,52,42
c89ac06daef5c819309f03d6a35792d1a8a66abb8cb3414013ffe71d3dd9fe96,0.31289210446077026,0.6086956521739131,0.3684210526315789,0.4590163934426229,0.08695652173913043,0.05263157894736842,0.06557377049180328,38,23
c8ca945abc29d262a5525e4c2585541bba33fa77c86a47c94575d8e5b54c83fb,0.7810532123864364,0.92,0.8518518518518519,0.8846153846153846,0.84,0.7777777777777778,0.8076923076923077,27,25
c901794d1a421d52e5734500c0a2a8ca84651fb93b19cec2f411855e70cae339,0.7572013572672684,1.0,0.7857142857142857,0.88,1.0,0.7857142857142857,0.88,14,11
c96109cbebcf206f20035cbde414e43872074eee8d839ba214feed9cd36277a1,0.7626943755659631,0.9473684210526315,0.782608695652174,0.8571428571428571,0.9473684210526315,0.782608695652174,0.8571428571428571,23,19
c9f305be17312bdb9530fb4f1adc6d29730ddbe0e74730cbf031de174bf437b7,0.8009458792053982,0.9444444444444444,0.85,0.8947368421052632,0.8888888888888888,0.8,0.8421052631578948,20,18
cab4875269f44a701c5e58190a1d2f6fcb577ea79d842522dcab20ccb39b7ad2,0.6070478346432691,1.0,0.8571428571428571,0.923076923076923,0.5833333333333334,0.5,0.5384615384615384,14,12
cb4df20a83b2f38b394c67f1d9d4aef29f9794d5345da3576318374ec3a11490,0.49586441821797106,0.5951417004048583,0.588,0.591549295774648,0.12550607287449392,0.124,0.12474849094567404,250,247
cbca32daaae36a872a11da4eaff65d1068ff3f154eedc9d3fc0c214a4e5d32bd,0.5371624522649768,0.9,0.6428571428571429,0.75,0.6125,0.4375,0.5104166666666667,112,80
cbff60361ded0570e5d50429a1aa51d81471819bc9b38359f03cfef76de0038c,0.5160122089008471,0.8333333333333334,0.6578947368421053,0.7352941176470588,0.4166666666666667,0.32894736842105265,0.3676470588235294,76,60
cc88627344305b9a9b07f8bd042cb074c7a834c13de67ff4b24914ac68f07f6e,0.9147455930726933,0.9925373134328358,0.9851851851851852,0.9888475836431226,0.9850746268656716,0.9777777777777777,0.9814126394052044,135,134
cdab367b30db47061df837c1ae9fa875d6057614f797332d37d3513517d6c694,0.8732247411171616,0.875,0.9545454545454546,0.9130434782608695,0.75,0.8181818181818182,0.7826086956521738,22,24
ce37f6dd0615d45e66e41a8f2ed6fbc0bbe3103a290394ad474207507710eacc,0.49617902308089396,0.7142857142857143,0.625,0.6666666666666666,0.2857142857142857,0.25,0.26666666666666666,8,7
ce88df7356d9d4a8d5944a93768f4c4b593de2d35616f7448c2b37b9fd60dd1f,0.3401459533416834,0.4594594594594595,0.29310344827586204,0.35789473684210527,0.05405405405405406,0.034482758620689655,0.042105263157894736,58,37
ce9e1a58b58940039ae841466198b72ea21cc90584039a9294b47f5aef17ddfa,0.4478285713400634,0.9473684210526315,0.5625,0.7058823529411765,0.631578947368421,0.375,0.47058823529411764,32,19
cf26c41245febfe67c2a1682cc4ee8752ee40ae3e49610314f45923b8bf5b08a,0.5258062500496374,0.9393939393939394,0.775,0.8493150684931509,0.12121212121212122,0.1,0.10958904109589042,40,33
cfabf7379c5591d40aa4a20c86b4197c6a25ab55887a9fca4f06c2dfc0f0e973,0.7872851443591199,0.9545454545454546,0.84,0.8936170212765958,0.9545454545454546,0.84,0.8936170212765958,25,22
d0f2a00d3155c243048bc48944aef93fb08e2258d1fa5f9ccadd9140082bc22f,0.791124566257539,1.0,0.8620689655172413,0.9259259259259259,1.0,0.8620689655172413,0.9259259259259259,29,25
d1b173875e2261f55014bd27bd7174b9ae1c769338c1b31b5d737e9e60175993,0.4152103899563631,0.3333333333333333,0.3333333333333333,0.3333333333333333,0.1111111111111111,0.1111111111111111,0.1111111111111111,9,9
d1ba6089cae2f90cb7275ece10ca393c25f60ea17e5c9c3cea2399d31fd41869,0.3141172393497769,0.3125,0.22727272727272727,0.2631578947368421,0.0625,0.045454545454545456,0.052631578947368425,22,16
d1dbc6ee7c44a7027e935d040e496793186b884a1028d0e26284a206c6f5aff0,0.28037336633084475,0.5714285714285714,0.23529411764705882,0.3333333333333333,0.42857142857142855,0.17647058823529413,0.25,17,7
d256b32adda37f2301c9e46f34b7f9a36cce273256369ceb5dc2c73c3007e3c4,0.6878248007813746,0.8181818181818182,0.8181818181818182,0.8181818181818182,0.5454545454545454,0.5454545454545454,0.5454545454545454,33,33
d2815f2f616d92be35c7e8dcfe592deec88516aef9ffc9b21257f52b7d6d0354,0.3645282238980761,0.23076923076923078,0.21428571428571427,0.22222222222222224,0.0,0.0,0.0,14,13
d2ce593bddf9998ce3b76328c0151d0ba4b644c293aca7f6254e521c448b305f,0.4579679485703854,0.45454545454545453,0.4166666666666667,0.43478260869565216,0.09090909090909091,0.08333333333333333,0.08695652173913043,12,11
d32ea6d318626ca14a967d0c1ad3218aebfe636624a8d1173f5150dde8ff38cf,0.2948783820722049,0.25,0.2,0.22222222222222224,0.125,0.1,0.11111111111111112,10,8
d35f25c8e3f7fca5232fc4d5e3faf14b025b20b3731af77fe971a5e2e9d69d28,0.46363670133071205,0.6896551724137931,0.5714285714285714,0.625,0.20689655172413793,0.17142857142857143,0.1875,35,29
d3ce382f190ee24729bd2e80684c11bef72bc9c733cdbbc19a17d2c1b2e775f7,0.37177614938096243,0.42857142857142855,0.375,0.39999999999999997,0.0,0.0,0.0,8,7
d4d6c683f249d82518431603bf0206d05f2114ac871a99ffade0f5f61cf167e1,0.4066670910050047,0.4444444444444444,0.4,0.4210526315789474,0.2222222222222222,0.2,0.2105263157894737,10,9
d4d88391bc399a3715440d4da9f8b7a973e010dc1edd9551df2e5a538685add5,0.7792117365454884,0.9545454545454546,0.875,0.9130434782608695,0.8636363636363636,0.7916666666666666,0.8260869565217391,24,22
d52958107d0b1f0288f50f346a833df3df485b92d5516cfcb536e73ab7adafd0,0.9196111613769807,1.0,0.9841269841269841,0.9919999999999999,0.9919354838709677,0.9761904761904762,0.9840000000000001,126,124
d6a880b1f6056f3086679de5c810e7af87cdf3bbbd0533a83e3681817fce40fc,0.5411568798042271,1.0,0.6493506493506493,0.7874015748031497,0.88,0.5714285714285714,0.6929133858267715,77,50
d751ccb64fa767a65a966061218438bd1860695d96bbef11fdb2f0d3b8dedba8,0.624109990082801,0.95,0.6785714285714286,0.7916666666666667,0.85,0.6071428571428571,0.7083333333333333,28,20
d7d12a2acc47a94961aeb56fd56e8a0873016af75f5dd10915de9db8af8e4f5e,0.7348763885262009,0.9047619047619048,0.8636363636363636,0.8837209302325582,0.8095238095238095,0.7727272727272727,0.7906976744186046,22,21
d7db360fabfce9828559a21f6bffff589ae868e0dc6101d7c1212de34a25e3cb,0.5511110323358944,0.5666666666666667,0.6296296296296297,0.5964912280701755,0.36666666666666664,0.4074074074074074,0.38596491228070173,27,30
d7ec8003735996458b56ccb8ae34d080eb2a6adabef931323239632515b4b220,0.06493506493506493,0.0,0.0,0.0,0.0,0.0,0.0,7,1
d7fc0d0a7339211f2433829c6553b762e2b9ef82cfe218d58ecae6643fa8e9c7,0.3438852448521345,0.1111111111111111,0.1111111111111111,0.1111111111111111,0.0,0.0,0.0,18,18
d827a7d80fc67487a3237135e0d43ae01b7bbcb135e1a167601fc974a8348c51,0.705321691845395,0.9310344827586207,0.9310344827586207,0.9310344827586207,0.6551724137931034,0.6551724137931034,0.6551724137931034,29,29
d8607b21411c9c8ab532faaeba15f8818a92025897950f94ee4da4f74f53660a,0.8753681763527942,0.8888888888888888,1.0,0.9411764705882353,0.7777777777777778,0.875,0.823529411764706,24,27
d910b2b1be8406caecfe31a503d412ffc4e3d488286242ebc7381836121dd4ef,0.3904754719946788,0.5625,0.375,0.45,0.3125,0.20833333333333334,0.25,24,16
da31f2aa8601afec5c45180a2c448cb9c4a8ec7b35e75190d6ba3588f69058c8,0.7034082120625496,0.9019607843137255,0.7419354838709677,0.8141592920353982,0.7843137254901961,0.6451612903225806,0.7079646017699115,62,51
da5f98f2b8a64eee735a398de48ed42cd31bf17a6063db46a9e0783ac13cd844,0.7576710491849368,0.9916666666666667,0.85,0.9153846153846154,0.9666666666666667,0.8285714285714286,0.8923076923076922,140,120
da79a2b105f055ce75404a04bf53bbb51d518d9381af7b4ac714c137f101d920,0.27550725388124503,0.6153846153846154,0.2909090909090909,0.3950617283950617,0.15384615384615385,0.07272727272727272,0.09876543209876543,55,26
da8ca06ccbb4e2a8718f7c2939ef6cc3a4088981f660842ad885a8273e740d55,0.5034203900929548,0.6851851851851852,0.6166666666666667,0.6491228070175439,0.2037037037037037,0.18333333333333332,0.19298245614035087,60,54
dabfee30b46d23569c63fa7253ef10b2407fbe8023035a5030252313cb718097,0.7292101742047261,1.0,1.0,1.0,0.7,0.7,0.7,10,10
dad607a203483439fcbc2acecd0a39fb5e5a94a32a94348f5c802c79cfeb6e7c,0.6326126407098868,0.975609756097561,0.8,0.8791208791208791,0.8048780487804879,0.66,0.7252747252747254,50,41
dae976f161fe42dc58dee87d4bf2eb9f65736597cab0114138641b2a39a5c42b,0.6339346804469953,0.96,0.7741935483870968,0.8571428571428571,0.8,0.6451612903225806,0.7142857142857142,31,25
db45946a4412a2137674ec075b6892ccd682b77826aba618210569bbc65cf2b0,0.4919070723760735,0.7647058823529411,0.6190476190476191,0.6842105263157895,0.23529411764705882,0.19047619047619047,0.21052631578947367,21,17
dbbfe08a52688d0ac8de9161cbb17cb201e3991aacab8ab8a77fe0e203a69481,0.6647741400552463,0.9142857142857143,0.8421052631578947,0.8767123287671234,0.7714285714285715,0.7105263157894737,0.7397260273972601,38,35
dbe5ad05b6f87018159a3228c1d1725892a1bfb9fa9f8fcc2e8bfe70d69d0355,0.7619912390158199,0.6666666666666666,0.8235294117647058,0.7368421052631577,0.5714285714285714,0.7058823529411765,0.6315789473684211,17,21
dd54adb80393de7769b9853c0aa2ee9b240905d0e99c59d4ccd99401f327aa05,0.8686154884756305,0.9924242424242424,0.9290780141843972,0.9597069597069597,0.9924242424242424,0.9290780141843972,0.9597069597069597,141,132
ddf1bf458312de2895dd9cc5ce7ec9d334ad54c35edc96ad6001d20b1d8588d8,0.25311285630048735,0.9,0.3,0.45000000000000007,0.5,0.16666666666666666,0.25,30,10
dec1764c00e8b3c4bf1fc7a2fda341279218ff894186b0c2664128348683c757,0.6063300862164064,0.7,0.6666666666666666,0.6829268292682926,0.55,0.5238095238095238,0.5365853658536585,21,20
df33b11184427e05c8a450f921586685975fe975f57315e686a0f26fddb93db1,0.39209179658148424,0.92,0.48936170212765956,0.6388888888888888,0.64,0.3404255319148936,0.4444444444444445,47,25
df53d0b6c2c4e45d759b2c474011e2b2b32552cd100ca4b22388ab9ca1750ee2,0.4988645288123921,0.8518518518518519,0.575,0.6865671641791045,0.7222222222222222,0.4875,0.582089552238806,80,54
df5cdd0ebe1bdf8dc870bc294b8f08961e083bc7f9be69e268454aa9091808b9,0.5704517116171813,0.9333333333333333,0.6363636363636364,0.7567567567567568,0.9333333333333333,0.6363636363636364,0.7567567567567568,22,15
df9a4212ecb67bb4e58eba62f293b91f9d6f1dde73e38fa891c75661d419fc97,0.4514797912981774,0.4,0.38461538461538464,0.39215686274509803,0.2,0.19230769230769232,0.19607843137254902,26,25
e1bcb583985325d0ef5f3ef52957d0371c96d4af767b13e48102bca9d5351a9b,0.13749999999999998,1.0,0.16666666666666666,0.2857142857142857,1.0,0.16666666666666666,0.2857142857142857,6,1
e216ec5063d3562b793e434c491051bd8867f6c2e571e41137c7c560cc0e6a03,0.31005654238956176,1.0,0.38095238095238093,0.5517241379310345,0.75,0.2857142857142857,0.4137931034482759,21,8
e23e11414ee645b51081fb202d38b793f0c8ef2940f8228ded384899d21b02c2,0.7311441733621175,0.9354838709677419,0.8743718592964824,0.9038961038961038,0.8387096774193549,0.7839195979899497,0.8103896103896103,199,186
e2d22d3d283915df8350d039278e314a23e6e8f2b41bdfc16df849e22dd13b36,0.5726720417466667,0.9473684210526315,0.8571428571428571,0.9,0.23684210526315788,0.21428571428571427,0.225,42,38
e321cfa987e77c21373a0f8b1236c83d6636306949a82a7f5b07fc0838e7777f,0.5602432555209288,1.0,0.8666666666666667,0.9285714285714286,0.3076923076923077,0.26666666666666666,0.28571428571428575,15,13
e414b54f2036bcab61b9c0a966f65adf4b169097c13c740e03d6292ac076258c,0.6756769017085675,0.9259259259259259,0.7936507936507936,0.8547008547008547,0.7407407407407407,0.6349206349206349,0.6837606837606837,63,54
e4537e7893e631f3ba6ae5b1023e24b233c78249a31c2f5e561f6c4cad88fcf6,0.4201537975539864,0.42105263157894735,0.38095238095238093,0.4,0.21052631578947367,0.19047619047619047,0.2,21,19
e49fc2b4f1f39d481a6525225ab3f688be5c87f56884456ad54c953315efae83,0.6113047789784682,0.9137931034482759,0.7681159420289855,0.8346456692913387,0.7068965517241379,0.5942028985507246,0.6456692913385826,69,58
e4ae1ceddb279bac30273ca7ac480025ce2e7287328f5272234b5bbca6d13135,0.34726992361682385,0.4166666666666667,0.3125,0.35714285714285715,0.08333333333333333,0.0625,0.07142857142857144,16,12
e4fc936ba57a936aaa5941ccc70946ab18fcebcb6e8d85a097c584aff9ca4d88,0.3237793199253397,0.14285714285714285,0.13793103448275862,0.14035087719298248,0.07142857142857142,0.06896551724137931,0.07017543859649124,29,28
e50ac10d1dce6496d092d966784ed3795969128ca0bc58199a36d558ed529203,0.7440808387987824,0.9375,0.8955223880597015,0.9160305343511451,0.84375,0.8059701492537313,0.8244274809160305,67,64
e52960d31f8bddf85400259beb4521383f5ceface1080be3429f2f926cc9b5c2,0.9045775826184572,0.9922480620155039,0.9846153846153847,0.9884169884169884,0.9844961240310077,0.9769230769230769,0.9806949806949806,130,129
e5384c905e9879cb6e8ff5250fb03155bc1db035d8dde458eece9078b7de8ff1,0.8269547900353162,0.9259259259259259,0.8928571428571429,0.9090909090909091,0.8888888888888888,0.8571428571428571,0.8727272727272727,28,27
e5a6c5e01e6a4ef676a2d975374e995dd55792ea317a8e110bebc37da83a4ce8,0.8251526071938771,0.9629629629629629,1.0,0.9811320754716981,0.8148148148148148,0.8461538461538461,0.830188679245283,26,27
e5a7b8a9924b26b3abf039255a8a3bb00258f4966f68ff3349560b4350af9367,0.7748231400284229,0.85,0.85,0.85,0.75,0.75,0.75,20,20
e5aeb5b3577abbebe8982b5dd7d22c4257250ad3000661a42f38bf9248d291fd,0.0,0.0,0.0,0.0,0.0,0.0,0.0,2,0
e5f8ad0f0a43af8ca57e31e16800108abdfb44a7e962a71d246f72d2dbde42bf,0.3628557903994704,0.4,0.3333333333333333,0.3636363636363636,0.2,0.16666666666666666,0.1818181818181818,6,5
e66a97b2c77f3d66a7d3cebbc6a36c8c6259368a397f7b67647ed80ad53aa776,0.2401363700912219,0.0,0.0,0.0,0.0,0.0,0.0,11,10
e66f25e175abab08ecb4e5f6859db64a211e0ddffb262d7e727b9d9bd4aad2d2,0.4992140948852494,0.8888888888888888,0.7272727272727273,0.7999999999999999,0.1111111111111111,0.09090909090909091,0.09999999999999999,11,9
e7a3a7c99483c243742b6cfa74e81cd48f126dcef004016ad0151df6c16a6243,0.8893186494839707,0.9865771812080537,0.98,0.9832775919732442,0.959731543624161,0.9533333333333334,0.9565217391304347,150,149
e81c758e1ca177b0942ecad62cf8d321ffc315376135bcbed3df932a6e5b40c0,0.5892431817886792,0.6956521739130435,0.6808510638297872,0.6881720430107526,0.5217391304347826,0.5106382978723404,0.5161290322580645,47,46
e856511ac1c34d24320eb7c56c05a4a3340d06667b4f5b8e8df615d415c7f650,0.23030452497557086,1.0,0.2962962962962963,0.45714285714285713,0.75,0.2222222222222222,0.34285714285714286,27,8
e9b8ad127f2163438b6236c74938f43d7b4863aaf39a16367f4af59bfd96597b,0.3789656215947426,0.7777777777777778,0.5833333333333334,0.6666666666666666,0.0,0.0,0.0,12,9
ea00f5a91ca75e745d675201cc62d7db266f8e2787033e15a7dd5f1cc5c0ad72,0.5732072932654824,0.9411764705882353,0.8,0.8648648648648648,0.35294117647058826,0.3,0.3243243243243243,40,34
ea94ba4b01d1bd5f7768d10e0ac547743791033df545c71fcec442d0cb5cb5e7,0.6260266840328759,0.9696969696969697,0.7619047619047619,0.8533333333333334,0.8787878787878788,0.6904761904761905,0.7733333333333333,42,33
ead9464a50a17f74bf1b6471d94ecce8d887cf518c8fedc6c6048eb948bc4e49,0.5894109861638719,1.0,0.8333333333333334,0.9090909090909091,0.4,0.3333333333333333,0.3636363636363636,6,5
eb1df8ed879d04b36980b0958a0e8fc446ad08c0bdcf3b5f42e3db023187c7e5,0.6573252515620387,0.8148148148148148,0.7457627118644068,0.7787610619469028,0.7222222222222222,0.6610169491525424,0.6902654867256637,59,54
eb96fc6cbf6880bf05c4309857ae33844a4bc2152e228eff31024e5265cf9fc3,0.4505920076267118,0.5,0.5,0.5,0.125,0.125,0.125,8,8
ebc18868864ad075548cc1784f4f9a237bb98335f9645ee727dac8332a3e3716,0.5695988649134484,0.631578947368421,0.631578947368421,0.631578947368421,0.5789473684210527,0.5789473684210527,0.5789473684210527,19,19
ec031f176dafe0b36547068ce42eab39428ec7995dac1b3ea52d1db79b61fdeb,0.3284809156017226,0.0,0.0,0.0,0.0,0.0,0.0,9,8
ec486143ecfec847c22cd8cbc207d85312bcf38e61c9b9a805e0d12add62da8d,0.0606060606060606,1.0,0.09090909090909091,0.16666666666666669,0.0,0.0,0.0,11,1
ecb36c90cdd20245d89173c106f3c6a2d124d07bdea0ae202fb1efa49b0cd169,0.8977931239404825,0.9829059829059829,0.9583333333333334,0.970464135021097,0.9743589743589743,0.95,0.9620253164556962,120,117
ed4b8e0d756836be7acb2e2b7799c473b52424e3092a71d3c6d23558e500dc4c,0.4743697876248625,0.8,0.631578947368421,0.7058823529411765,0.2833333333333333,0.2236842105263158,0.25,76,60
ed5be4b63e9506ad64660dd92a098ffcc0325195298c13c815a73773f1efc279,0.6276762912835114,0.8108108108108109,0.7142857142857143,0.759493670886076,0.7027027027027027,0.6190476190476191,0.6582278481012659,42,37
ed8c31b001a0c23c33402f94a5ee6b0209e0c6419eb52d5d02255513e3a672fc,0.17134053922209305,0.95,0.2087912087912088,0.34234234234234234,0.85,0.18681318681318682,0.30630630630630634,91,20
edd36ed822e7ed760ff73e0524df22aa5bf5c565efcdc6c39603239c0896e7a8,0.629600493718076,0.9111111111111111,0.8367346938775511,0.8723404255319148,0.4666666666666667,0.42857142857142855,0.44680851063829785,49,45
ee927e8255096971ddae1bd975cf80c4ad7c847c82d0b5f5dd2ddfe5407007ee,0.2672585304425477,0.6,0.27692307692307694,0.37894736842105264,0.1,0.046153846153846156,0.06315789473684211,65,30
eeb142344e9de3250ab748f93940bf06be70d5078337680998468a134a101698,0.21377043537307583,0.8571428571428571,0.24,0.375,0.5714285714285714,0.16,0.25,50,14
ef3ef194e5657fda708ecbd3eb6530286ed2ba23c88efb9f1715298975c73548,0.5971670344552746,0.9166666666666666,0.7333333333333333,0.8148148148148148,0.7333333333333333,0.5866666666666667,0.6518518518518519,75,60
ef6634efb46567d87b811be786b18c4cd0e2cda23d79b65d6afe0d259ef3ade6,0.6605783505171517,0.9655172413793104,0.875,0.9180327868852458,0.6551724137931034,0.59375,0.6229508196721311,32,29
f01a9742c43a69f087700a43893f713878e537bae8e44f76b957f09519601ad6,0.9441067317675114,1.0,1.0,1.0,1.0,1.0,1.0,28,28
f0a75e0322f11cead4219aa530673fe5eef67580fb6fccc254963c9fc6b58aa1,0.5196979657657447,0.6363636363636364,0.5833333333333334,0.6086956521739131,0.18181818181818182,0.16666666666666666,0.17391304347826086,12,11
f0c9f135c62572f3669a75b2c735e4477dc77fac85e653426ee2b3bcfbed7aaf,0.8046267117798417,0.9090909090909091,0.8333333333333334,0.8695652173913043,0.8636363636363636,0.7916666666666666,0.8260869565217391,24,22
f113626a04125d97b27f21b45a0ce9a686d73dee7b5dbc0725d49194ba0203bd,0.8672478732315246,0.9565217391304348,0.9166666666666666,0.9361702127659574,0.9130434782608695,0.875,0.8936170212765957,24,23
f20eb4592e7d3cf58d421a9c34832d33adcdcbd0e17b7bf009a013847608da27,0.33192973405915727,0.18518518518518517,0.16666666666666666,0.17543859649122806,0.0,0.0,0.0,30,27
f26f4c2c70c38fe12e00d5a814d5116691f2ca548908126923fd76ddd665ed24,0.6743167856093739,0.9361702127659575,0.8461538461538461,0.8888888888888888,0.6808510638297872,0.6153846153846154,0.6464646464646464,52,47
f29fd9c52e04403cd2c7d43b6fe2479292e53b2f61969d25256d2d2aca7c6a81,0.6257372436413101,0.8953488372093024,0.7738693467336684,0.8301886792452831,0.6686046511627907,0.5778894472361809,0.6199460916442049,199,172
f35ab34528e3e2d2589d24cbffc0e10024dfc474a68585d0b5feb7b05aa0067f,0.6255093200278606,0.7272727272727273,0.8888888888888888,0.7999999999999999,0.36363636363636365,0.4444444444444444,0.39999999999999997,9,11
f43169e3d8b4f71e687945b9e72cbfdfe2e40e68842568e6a30c60d64c1378b6,0.3638907770654051,0.3125,0.2777777777777778,0.29411764705882354,0.0,0.0,0.0,18,16
f487cc82271cf84b4414552aa8b0a9d82d902451ebe8e8bc639d4121c1672ff7,0.7922321668015191,1.0,1.0,1.0,0.8936170212765957,0.8936170212765957,0.8936170212765957,47,47
f4b7c24baf69b8752c49d0eb5db4b7b5e1524945d48e54925bff401d5658045d,0.436315228410482,0.7142857142857143,0.5555555555555556,0.6250000000000001,0.42857142857142855,0.3333333333333333,0.375,9,7
f4c4db3df4ff0de90f44b027fc2e28c16bf7e5c75ea75b0a9762bbb7ac86e7a3,0.2983186858668933,0.14285714285714285,0.11764705882352941,0.12903225806451615,0.0,0.0,0.0,68,56
f4faa3a409014db1865074c5f66a0255f71ae3faba03265da0b3b91f68e8a8f0,0.9632826641284075,1.0,1.0,1.0,1.0,1.0,1.0,14,14
f534b43bf37ff946a310a0f08315d76c3fb3394681cf523acef7c0682240072a,0.27768319975448746,0.0625,0.05555555555555555,0.058823529411764705,0.0625,0.05555555555555555,0.058823529411764705,18,16
f67e72b7fe0b1e3648ea745ffd395c80705c89b0c0c48227991fe6f5815b2a18,0.5244662245626092,0.7272727272727273,0.6666666666666666,0.6956521739130435,0.2727272727272727,0.25,0.2608695652173913,12,11
f6863b83d75e5927b30e2e326405b588293283c25aaef2251b30c343296b9cb1,0.5823236891736433,0.9841269841269841,0.6739130434782609,0.7999999999999999,0.9206349206349206,0.6304347826086957,0.7483870967741935,92,63
f6b16c885c0b2bc0d0eb2bb2eeb0a2753ebafb5a7a91da10e89b0b0478984637,0.21302484179494235,0.16666666666666666,0.125,0.14285714285714288,0.0,0.0,0.0,8,6
f6cb37ebf29c225284c8415962f7287abe7007fae8fe3d8a3899b608b832d7d5,0.8608458166669365,0.8,0.9411764705882353,0.8648648648648648,0.7,0.8235294117647058,0.7567567567567567,17,20
f728de04267283f0b4daab9a840e7433b2c6034baf195fd526850439c9297687,0.6988886568041214,0.9166666666666666,0.8148148148148148,0.8627450980392156,0.7916666666666666,0.7037037037037037,0.7450980392156864,54,48
f73e37957c74f554be132986f38b6f1d75339f636dfe2b681a0cf3f88d2733af,0.7059897381444618,0.9354838709677419,0.7837837837837838,0.8529411764705881,0.9032258064516129,0.7567567567567568,0.823529411764706,37,31
f7e5dcfc9c93183c668c5a4ab028d5faad54fb54298711f2caae0508aa978300,0.6523320664639545,0.7037037037037037,0.7307692307692307,0.7169811320754716,0.5925925925925926,0.6153846153846154,0.6037735849056604,26,27
f7eaaf420b5204c4a42577428b7cd897a53ef07b759ccbba3ed30a3548ca5605,0.6330746793394394,0.9090909090909091,0.9090909090909091,0.9090909090909091,0.36363636363636365,0.36363636363636365,0.36363636363636365,11,11
f81ca7ee25e733ff37240c34c8e3044d9937bb0166e315952ebde3f237ecb86f,0.39010869236504186,0.4375,0.35,0.38888888888888884,0.25,0.2,0.22222222222222224,20,16
f8e74d4006dd68c1dbe68df7be905835e00d8ba4916f3b18884509a15fdc0b55,0.5172553567457093,1.0,0.631578947368421,0.7741935483870968,0.8333333333333334,0.5263157894736842,0.6451612903225806,57,36
f93ec5e683d81005ffc2a84a1c0299b2406ad14b764b824e013f7ca3a13833b5,0.576587538076962,0.9310344827586207,0.84375,0.8852459016393444,0.20689655172413793,0.1875,0.19672131147540986,32,29
f952cc65376009cfad8249e53b9b2c0daaa3553e897096337d143c625c2df886,0.414975081203353,0.43333333333333335,0.3443708609271523,0.3837638376383764,0.1,0.07947019867549669,0.0885608856088561,151,120
f9ac03b0344ce8c48bc058448541f9211a1e5f4c94fdaf633dd534328d8610ab,0.48866587841413134,0.8235294117647058,0.7,0.7567567567567567,0.17647058823529413,0.15,0.16216216216216214,20,17
f9ea1a1159c33f39bbe5f18bb278d961188b40508277eab7c0b4b91219b37b5d,0.5955628498805077,0.8888888888888888,0.64,0.7441860465116279,0.8333333333333334,0.6,0.6976744186046512,25,18
fa73f24532b3667718ede7ac5c2e24ad7d3cae17b0a42ed17bbb81b15c28f4ae,0.0,0.0,0.0,0.0,0.0,0.0,0.0,7,0
fa751ff3a6332c95cb5cb1d28563553914295e9e7d35c4b6bd267241e8a0787c,0.7021135166267842,0.9523809523809523,0.9302325581395349,0.9411764705882352,0.6904761904761905,0.6744186046511628,0.6823529411764705,43,42
fadeb0ab092833f27daaeb3e24223eb090f9536b83f68cde8f49df7c544f711b,0.36908376912815954,0.5161290322580645,0.41025641025641024,0.4571428571428572,0.12903225806451613,0.10256410256410256,0.1142857142857143,39,31
fc22db33a2495f58f118bc182c0087e140df14ccb8dad51373e1a54381f683de,0.8426038079985578,0.9540229885057471,0.9325842696629213,0.9431818181818182,0.9540229885057471,0.9325842696629213,0.9431818181818182,89,87
fc345dac2205deb169bd70197f07f053bada80b61ffa69fdfb490758323ead69,0.3099133760574378,0.42857142857142855,0.3,0.3529411764705882,0.14285714285714285,0.1,0.11764705882352941,10,7
fc5452f612a0f972fe55cc677055ede662af6723b5c1615ad539b8a4bd279bdb,0.6923188212953291,1.0,0.90625,0.9508196721311475,0.7931034482758621,0.71875,0.7540983606557378,32,29
fc9269fb2e651cd4a32b65ae164f79b0a2ea823e0a83508c85d7985a6bed43cf,0.5319652046578262,0.8,0.8,0.8000000000000002,0.2,0.2,0.20000000000000004,5,5
fd8065bcb1afdbed19e028465d5d00cd2ecadc4558de05c6fa28bea3c817aa22,0.7146358894784945,0.9607843137254902,0.9423076923076923,0.9514563106796117,0.6862745098039216,0.6730769230769231,0.6796116504854369,52,51
fdda64c47361b0d1a146e5b7b48dc6b7de615ea80b31f01227a3b16469589528,0.6930310282091509,0.8888888888888888,0.8,0.8421052631578948,0.7037037037037037,0.6333333333333333,0.6666666666666667,30,27
fe80a2cf3c93dafad8c364fdd1646b0ba4db056cdb7bdb81474f957064812bba,0.859959720421365,1.0,0.9090909090909091,0.9523809523809523,1.0,0.9090909090909091,0.9523809523809523,11,10
fec226e45f49ab81ab71e0eaa1248ba09b56a328338dce93a43f4044eababed5,0.34400922809482365,0.18181818181818182,0.15384615384615385,0.16666666666666669,0.0,0.0,0.0,13,11
feffce59a1a3eb0a6a05992bb7423c39c7d52865846da36d89e2a72c379e5398,0.27909459114061147,0.4782608695652174,0.2894736842105263,0.360655737704918,0.043478260869565216,0.02631578947368421,0.03278688524590164,38,23
ff3407842ada5bc18be79ae453e5bdaa1b68afc842fc22fa618ac6e6599d0bb3,0.9034754715683031,1.0,0.9473684210526315,0.972972972972973,1.0,0.9473684210526315,0.972972972972973,19,18
ff3e512b5fb860e5855d0c05b6cf5a6bcc7792e4be1f0bdab5a00af0e18435c0,0.43410778375404363,0.6363636363636364,0.5384615384615384,0.5833333333333334,0.18181818181818182,0.15384615384615385,0.16666666666666669,13,11
ff599c7301daa1f783924ac8cbe3ce7b42878f15a39c2d19659189951f540f48,0.8169371516885354,0.7857142857142857,0.9166666666666666,0.8461538461538461,0.6428571428571429,0.75,0.6923076923076924,24,28
